vehicle_id,make,model,body_style,trim,
1,Acura,ILX,SEDAN,2.4 A-SPEC DCT,
2,Acura,ILX,SEDAN,2.4 TECH DCT,
3,Acura,MDX,SUV,3.5 TECH 6AT,
4,Acura,RDX,SUV,3.5 5AT,
5,Acura,RLX,SEDAN,3.5 AUTO,
6,Acura,TLX,SEDAN,3.5 ADVANCE AUTO,
7,Acura,TLX,SEDAN,2.0 ADVANCE AUTO,
8,Alfa Romeo,Giulietta,HATCHBACK,1.8 VELOCE TCT,
9,Alfa Romeo,Giulia,Sedan,,
10,Alfa Romeo,Stelvio,SUV,,
11,Alfa Romeo,Tonale,SUV,,
12,Alfa Romeo,Giulietta,Hatchback,,
13,Audi,A1,HATCHBACK,1.4 TFSI COOL S TRONIC,
14,Audi,A1,HATCHBACK,1.4 TFSI EGO S TRONIC,
15,Audi,A1,HATCHBACK,1.4 TFSI Red EDITION S TRONIC,
16,Audi,A1,HATCHBACK,1.4 TFSI COOL MT,
17,Audi,A1,HATCHBACK,1.8 TFSI S LINE S TRONIC,
18,Audi,A1,HATCHBACK,1.4 SB TFSI URBAN S TRONIC,
19,Audi,A1,HATCHBACK,1.4 TFSI URBAN S TRONIC,
20,Audi,A1,HATCHBACK,1.4 COOL DCT,
21,Audi,A1,HATCHBACK,1.4 SB COOL,
22,Audi,A1,HATCHBACK,1.4 SB URBAN DCT,
23,Audi,A1,HATCHBACK,1.0 SB 30 TFSI COOL DCT,
24,Audi,A1,HATCHBACK,1.0 SB 30 TFSI URBAN DCT,
25,Audi,A1,HATCHBACK,1.5 SB 35 TFSI EGO DCT,
26,Audi,A3,HATCHBACK,1.4 TFSI AMBIENTE PLUS S TRONIC,
27,Audi,A3,HATCHBACK,1.4 TFSI AMBIENTE S TRONIC,
28,Audi,A3,SEDAN,1.8 TFSI ATTRACTION PLUS S TRONIC,
29,Audi,A3,SEDAN,1.8 TFSI ATTRACTION S TRONIC,
30,Audi,A3,HATCHBACK,1.8 TFSI S LINE S TRONIC,
31,Audi,A3,SEDAN,1.8 TFSI S LINE S TRONIC,
32,Audi,A3,SEDAN,1.4 TFSI AMBIENTE S TRONIC,
33,Audi,A3,HATCHBACK,1.8 TFSI AMBIENTE S TRONIC,
34,Audi,A3,SEDAN,1.4 TFSI ATTRACTION S TRONIC,
35,Audi,A3,HATCHBACK,1.8 TFSI ATTRACTION S TRONIC,
36,Audi,A3,HATCHBACK,1.4 DYNAMIC S TRONIC,
37,Audi,A3,SEDAN,1.4 TFSI DYNAMIC,
38,Audi,A3,SEDAN,1.4 TFSI SELECT,
39,Audi,A3,SEDAN,2.0 TFSI DYNAMIC,
40,Audi,A3,HATCHBACK,1.4 DYNAMIC DCT,
41,Audi,A3,SEDAN,1.4 DYNAMIC DCT,
42,Audi,A3,SEDAN,1.4 SELECT DCT,
43,Audi,A3,HATCHBACK,2.0 DYNAMIC DCT,
44,Audi,A3,SEDAN,2.0 DYNAMIC DCT,
45,Audi,A3,SEDAN,2.0 SELECT DCT,
46,Audi,A3,SEDAN,1.4 35 DYNAMIC DCT,
47,Audi,A3,SEDAN,1.4 35 SELECT DCT,
48,Audi,A3,SEDAN,2.0 40 DYNAMIC DCT,
49,Audi,A3,SEDAN,1.4 35 TFSI DYNAMIC DCT,
50,Audi,A3,SEDAN,1.4 35 TFSI SELECT DCT,
51,Audi,A3,SEDAN,2.0 40 TFSI S LINE DCT,
52,Audi,A3,SEDAN,2.0 40 TFSI SELECT DCT,
53,Audi,A3,SEDAN,1.4 35 TFSI DYNAMIC AUTO,
54,Audi,A3,SEDAN,1.4 35 TFSI SELECT AUTO,
55,Audi,A4,SEDAN,1.8 TFSI TRENDY MULTITRONIC,
56,Audi,A4,SEDAN,1.8 TFSI SPORT LMT EDITION MULTITRONIC,
57,Audi,A4,SEDAN,2.0 TFSI TRENDY MULTITRONIC,
58,Audi,A4,SEDAN,2.0 TFSI DYNAMIC S-TRONIC,
59,Audi,A4,SEDAN,2.0 TFSI SELECT S-TRONIC,
60,Audi,A4,SEDAN,2.0 TFSI SELECT S-TRONIC QUATTRO,
61,Audi,A4,SEDAN,2.0 DYNAMIC DCT,
62,Audi,A4,SEDAN,2.0 ELITE DCT 4WD,
63,Audi,A4,SEDAN,2.0 S LINE DCT,
64,Audi,A4,SEDAN,2.0 40 TFSI DYNAMIC DCT,
65,Audi,A4,SEDAN,2.0 MHEV 40 TFSI DYNAMIC DCT,
66,Audi,A4,SEDAN,2.0 MHEV 40 TFSI SELECT DCT,
67,Audi,A5,COUPE,3.0 TFSI S LINE S TRONIC QUATTRO,
68,Audi,A5,COUPE,2.0 TFSI LUXURY MULTITRONIC,
69,Audi,A5,HATCHBACK,2.0 TFSI SPORTBACK LUXURY MULTITRONIC,
70,Audi,A5,COUPE,2.0 S LINE DCT 4WD,
71,Audi,A5,HATCHBACK,2.0 SB S LINE DCT,
72,Audi,A5,HATCHBACK,2.0 40 SB S LINE DCT,
73,Audi,A5,HATCHBACK,2.0 45 SB ELITE DCT 4WD,
74,Audi,A5 Coupe,COUPE,2.0 MHEV 40 TFSI SELECT DCT,
75,Audi,A5 Coupe,COUPE,2.0 MHEV 45 TFSI S LINE DCT 4WD,
76,Audi,A5 Sportback,HATCHBACK,2.0 MHEV SB 40 TFSI SELECT DCT,
77,Audi,A6,SEDAN,3.0 TFSI ELITE S TRONIC QUATTRO,
78,Audi,A6,SEDAN,2.0 TFSI S LINE NAVI MULTITRONIC,
79,Audi,A6,SEDAN,2.0 ELITE DCT 4WD,
80,Audi,A6,SEDAN,2.0 MHEV 40 TFSI SELECT DCT,
81,Audi,A6,SEDAN,2.0 MHEV 45 TFSI S LINE DCT 4WD,
82,Audi,A7,HATCHBACK,3.0TFSI SPORTBACK ELITE S TRONIC QUATTRO,
83,Audi,A8,SEDAN,4.0 PREMIUM LWB AUTO 4WD,
84,Audi,Q2,SUV,1.4 ED. 20 ANIOS DCT,
85,Audi,Q2,SUV,1.4 S LINE DCT,
86,Audi,Q2,SUV,1.4 SELECT DCT,
87,Audi,Q2,SUV,1.4 35 DYNAMIC DCT,
88,Audi,Q2,SUV,1.4 35 SPORT DCT,
89,Audi,Q2,SUV,2.0 40 S LINE DCT 4WD,
90,Audi,Q2,SUV,1.4 35 TFSI DYNAMIC DCT,
91,Audi,Q2,SUV,1.4 35 TFSI S LINE DCT,
92,Audi,Q2,SUV,1.4 35 TFSI SELECT DCT,
93,Audi,Q2,SUV,1.4 35 TFSI SPORT DCT,
94,Audi,Q2,SUV,1.4 35 TFSI DYNAMIC AUTO,
95,Audi,Q2,SUV,1.4 35 TFSI SELECT AUTO,
96,Audi,Q2,SUV,1.4 35 TFSI SPORT AUTO,
97,Audi,Q3,SUV,2.0 LUXURY 170 HP S TRONIC,
98,Audi,Q3,SUV,2.0 LAND OF QUATTRO S TRONIC,
99,Audi,Q3,SUV,2.0 S LINE S TRONIC,
100,Audi,Q3,SUV,1.4 TFSI LUXURY 150 HP S TRONIC,
101,Audi,Q3,SUV,2.0 TFSI LUXURY 180 HP QUATTRO S TRONIC,
102,Audi,Q3,SUV,1.4 TFSI S LINE 150HP S TRONIC,
103,Audi,Q3,SUV,1.4 S LINE DCT,
104,Audi,Q3,SUV,1.4 SELECT DCT,
105,Audi,Q3,SUV,2.0 SELECT DCT 4WD,
106,Audi,Q3,SUV,1.4 35 TFSI DYNAMIC DCT,
107,Audi,Q3,SUV,1.4 35 TFSI SELECT DCT,
108,Audi,Q3 Sportback,SUV,2.0 SB 40 TFSI S LINE DCT 4WD,
109,Audi,Q5,SUV,2.0 TFSI ELITE TIPTRONIC QUATTRO,
110,Audi,Q5,SUV,2.0 TFSI TRENDY TIPTRONIC QUATTRO,
111,Audi,Q5,SUV,2.0 DYNAMIC DCT 4WD,
112,Audi,Q5,SUV,2.0 ELITE DCT 4WD,
113,Audi,Q5,SUV,2.0 SELECT DCT 4WD,
114,Audi,Q5,SUV,2.0 45 DYNAMIC DCT 4WD,
115,Audi,Q5,SUV,2.0 45 SELECT DCT 4WD,
116,Audi,Q5,SUV,2.0 45 TFSI ELITE DCT 4WD,
117,Audi,Q7,SUV,3.0 TFSI ELITE TIPTRONIC QUATTRO,
118,Audi,Q7,SUV,3.0 TFSI S LINE TIPTRONIC QUATTRO,
119,Audi,Q7,SUV,3.0 ELITE AUTO 4WD,
120,Audi,Q7,SUV,3.0 SELECT AUTO 4WD,
121,Audi,Q7,SUV,3.0 MHEV 55 TFSI S LINE AUTO 4WD,
122,Audi,SQ5,SUV,3.0 SQ5 AUTO 4WD,
123,Baic,X25,SUV,1.5 TOP AUTO,
124,Baic,X25,SUV,1.5 FASHION,
125,Baic,X30,SUV,1.5 FASHION,
126,Baic,X30,SUV,1.5 FASHION AUTO,
127,Baic,X65,SUV,2.0 FASHION AUTO,
128,Bmw,Serie 1,HATCHBACK,1.6 118IA URBAN LINE,
129,Bmw,Serie 1,HATCHBACK,1.6 118IA,
130,Bmw,Serie 1,HATCHBACK,3.0 M135IA,
131,Bmw,Serie 1,HATCHBACK,1.6 120IA,
132,Bmw,Serie 1,HATCHBACK,1.6 120IA URBAN LINE,
133,Bmw,Serie 1,HATCHBACK,2.0 120IA AUTO,
134,Bmw,Serie 1,HATCHBACK,1.5 118IA SPORT LINE AUTO,
135,Bmw,Serie 1,HATCHBACK,2.0 120IA M SPORT AUTO,
136,Bmw,Serie 1,SEDAN,1.5 118IA SPORT LINE AUTO,
137,Bmw,Serie 1,SEDAN,2.0 120IA SPORT LINE AUTO,
138,Bmw,Serie 1,HATCHBACK,1.5 118IA SPORT LINE DCT,
139,Bmw,Serie 1,HATCHBACK,1.5 118I DCT,
140,Bmw,Serie 2,COUPE,2.0 220IA SPORT LINE,
141,Bmw,Serie 2,COUPE,3.0 235IA M SPORT,
142,Bmw,Serie 2,MINIVAN,2.0 220I ACTIVE TOURER,
143,Bmw,Serie 2,COUPE,2.0 220IA EXECUTIVE AUTO,
144,Bmw,Serie 2,COUPE,2.0 220IA SPORT LINE AUTO,
145,Bmw,Serie 2,CONVERTIBLE,2.0 220IA SPORT LINE AUTO,
146,Bmw,Serie 2,COUPE,3.0 M2 COMPETITION DCT,
147,Bmw,Serie 2,COUPE,3.0 M240I AUTO,
148,Bmw,Serie 2,SEDAN,2.0 220I GRAN COUPE DCT,
149,Bmw,Serie 3,COUPE,3.0 335IA COUPE,
150,Bmw,Serie 3,SEDAN,2.0 328IA,
151,Bmw,Serie 3,SEDAN,2.0 320IA,
152,Bmw,Serie 3,SEDAN,2.0 320IA SPORT LINE,
153,Bmw,Serie 3,SEDAN,2.0 330IA LUXURY LINE,
154,Bmw,Serie 3,SEDAN,2.0 320IA AUTO,
155,Bmw,Serie 3,SEDAN,2.0 320IA SPORT LINE AUTO,
156,Bmw,Serie 3,SEDAN,2.0 330E A LUXURY LINE AUTO,
157,Bmw,Serie 3,SEDAN,2.0 330IA LUXURY LINE AUTO,
158,Bmw,Serie 3,SEDAN,2.0 330IA SPORT LINE AUTO,
159,Bmw,Serie 3,SEDAN,1.5 318IA EXECUTIVE AUTO,
160,Bmw,Serie 3,SEDAN,1.5 318IA SPORT LINE AUTO,
161,Bmw,Serie 3,SEDAN,2.0 330IA M SPORT EDITION AUTO,
162,Bmw,Serie 3,SEDAN,2.0 330E SPORT LINE PLUS,
163,Bmw,Serie 3,SEDAN,2.0 330IA M SPORT AUTO,
164,Bmw,Serie 3,SEDAN,2.0 320I AUTO,
165,Bmw,Serie 3,SEDAN,2.0 320I EDICION 30 AÑOS AUTO,
166,Bmw,Serie 4,COUPE,2.0 428IA SPORT LINE,
167,Bmw,Serie 4,COUPE,3.0 435IA M SPORT,
168,Bmw,Serie 4,COUPE,2.0 420IA,
169,Bmw,Serie 4,HATCHBACK,2.0 420IA,
170,Bmw,Serie 4,HATCHBACK,2.0 430IA SPORT LINE,
171,Bmw,Serie 4,COUPE,2.0 420IA SPORT LINE,
172,Bmw,Serie 4,HATCHBACK,2.0 430IA GRAN COUPE SPORT LINE,
173,Bmw,Serie 4,HATCHBACK,3.0 440IA GRAN COUPE M SPORT,
174,Bmw,X1,SUV,2.0 SDRIVE 20IA X LINE,
175,Bmw,X1,SUV,2.0 SDRIVE20IA,
176,Bmw,X1,SUV,1.5 SDRIVE18IA AT,
177,Bmw,X1,SUV,2.0 SDRIVE20IA M SPORT AT,
178,Bmw,X1,SUV,1.5 SDRIVE18IA EXECUTIVE DCT,
179,Bmw,X1,SUV,2.0 SDRIVE20IA M SPORT DCT,
180,Bmw,X1,SUV,2.0 SDRIVE20IA X LINE DCT,
181,Bmw,X1,SUV,2.0 SDRIVE20I DCT,
182,Bmw,X1,SUV,1.5 SDRIVE18I DCT,
183,Bmw,X2,SUV,1.5 SDRIVE18IA EXECUTIVE DCT,
184,Bmw,X2,SUV,2.0 SDRIVE20IA EXECUTIVE PLUS DCT,
185,Bmw,X2,SUV,2.0 M35IA,
186,Bmw,X2,SUV,2.0 SDRIVE20IA M SPORT DCT,
187,Bmw,X2,SUV,1.5 SDRIVE18I DCT,
188,Bmw,X2,SUV,2.0 SDRIVE20I M SPORT DCT,
189,Bmw,X2,SUV,2.0 M35I XDRIVE AUTO,
190,Bmw,X3,SUV,3.0 XDRIVE35I A TOP,
191,Bmw,X3,SUV,2.0 SDRIVE20IA AT,
192,Bmw,X3,SUV,2.0 XDRIVE28IA X LINE AT 4WD,
193,Bmw,X3,SUV,2.0 SDRIVE20IA EXECUTIVE AUTO,
194,Bmw,X3,SUV,2.0 XDRIVE30IA X LINE AUTO 4WD,
195,Bmw,X3,SUV,3.0 M40IA AUTO 4WD,
196,Bmw,X3,SUV,2.0 SDRIVE20IA AUTO,
197,Bmw,X3,SUV,2.0 SDRIVE20I AUTO,
198,Bmw,X3,SUV,2.0 XDRIVE30I AUTO,
199,Bmw,X4,SUV,3.0 XDRIVE35IA X LINE AT 4WD,
200,Bmw,X4,SUV,2.0 XDRIVE30IA EXECUTIVE AUTO 4WD,
201,Bmw,X4,SUV,2.0 XDRIVE30IA X LINE AUTO 4WD,
202,Bmw,X4,SUV,2.0 XDRIVE30I AUTO,
203,Bmw,X4,SUV,3.0 M40I AUTO 4WD,
204,Bmw,X5,SUV,3.0 XDRIVE35I A EDITION SPORT,
205,Bmw,X5,SUV,3.0 XDRIVE35I A,
206,Bmw,X5,SUV,3.0 XDRIVE35IA M SPORT AT 4WD,
207,Bmw,X5,SUV,4.4 XDRIVE50IA EXCELLENCE AT 4WD,
208,Bmw,X5,SUV,3.0 XDRIVE 35IA EXCELLENCE AT 4WD,
209,Bmw,X5,SUV,3.0 XDRIVE 35IA EXCELLENCE AUTO 4WD,
210,Bmw,X5,SUV,4.4 XDRIVE50IA M SPORT AUTO 4WD,
211,Bmw,X5,SUV,3.0 XDRIVE40IA M SPORT AUTO 4WD,
212,Buick,Enclave,SUV,3.6 CXL AT AWD C,
213,Buick,Enclave,SUV,3.6 PREMIUM D AT 4WD,
214,Buick,Enclave,SUV,3.6 AVENIR AUTO 4WD,
215,Buick,Enclave,SUV,3.6 AVENIR P AUTO 4WD,
216,Buick,Encore,SUV,1.4 AUTO PREMIUM,
217,Buick,Encore,SUV,1.4 AUTO CXL L PREMIUM,
218,Buick,Encore,SUV,1.4 CX N AUTO,
219,Buick,Encore,SUV,1.4 CXL L AUTO,
220,Buick,Encore,SUV,1.3 SPORT TOURING AUTO,
221,Buick,Envision,SUV,2.0 CXL N 4WD AUTO,
222,Buick,Envision,SUV,2.0 CXL N AUTO 4WD,
223,Buick,Envision,SUV,2.0 AVENIR U AUTO,
224,Buick,Regal,SEDAN,2.0 PREMIUM TURBO GS X AT,
225,Byd,Dolphin Mini,HATCHBACK,BEV 38KWH PLUS AUTO,
226,Byd,Yuan Plus,SUV,BEV 60KWH 480KM GS AUTO,
227,Cadillac,ATS,SEDAN,2.0 C SEDAN AT,
228,Cadillac,CTS,SEDAN,3.6 PREMIUM C,
229,Cadillac,Escalade,SUV,6.2 P AT 4WD,
230,Cadillac,Escalade,SUV,6.2 SUV P PLATINUM AT 4WD,
231,Cadillac,SRX,SUV,3.6 SRX PREMIUM C AT 4WD,
232,Cadillac,XT4,SUV,2.0 SPORT F AUTO,
233,Cadillac,XT5,SUV,3.6 XT5 PREMIUM B AT,
234,Changan,CS35,SUV,1.6 6 TA AUTO,
235,Changan,CS35,SUV,1.4 PREMIUM DCT,
236,Changan,CS55,SUV,1.5 PREMIUM DCT,
237,Changan,Uni-K,SUV,2.0 PREMIUM,
238,Chevrolet,Aveo,SEDAN,1.6 MT B,
239,Chevrolet,Aveo,SEDAN,1.6 LT B,
240,Chevrolet,Aveo,SEDAN,1.6 LT C AUTO,
241,Chevrolet,Aveo,SEDAN,1.6 LT F,
242,Chevrolet,Aveo,SEDAN,1.6 MT D,
243,Chevrolet,Aveo,SEDAN,1.6 L AT,
244,Chevrolet,Aveo,SEDAN,1.6 W MT,
245,Chevrolet,Aveo,SEDAN,1.5 LS A,
246,Chevrolet,Aveo,SEDAN,1.5 LS B AUTO,
247,Chevrolet,Aveo,SEDAN,1.5 LT C,
248,Chevrolet,Aveo,SEDAN,1.5 LT D AUTO,
249,Chevrolet,Aveo,SEDAN,1.5 LTZ E,
250,Chevrolet,Aveo,SEDAN,1.5 LTZ F AUTO,
251,Chevrolet,Aveo,SEDAN,1.6 K MT,
252,Chevrolet,Beat,HATCHBACK,1.2 LS A,
253,Chevrolet,Beat,SEDAN,1.2 LS A,
254,Chevrolet,Beat,SEDAN,1.2 LT B,
255,Chevrolet,Beat,HATCHBACK,1.2 LT B MT,
256,Chevrolet,Beat,HATCHBACK,1.2 LTZ C,
257,Chevrolet,Beat,SEDAN,1.2 LTZ C,
258,Chevrolet,Beat,HATCHBACK,1.2 ACTIV F,
259,Chevrolet,Beat,HATCHBACK,1.2 LT B,
260,Chevrolet,Blazer,SUV,3.6 RS BITONO F AUTO,
261,Chevrolet,Camaro,CONVERTIBLE,6.2 2SS CONVERTIBLE D AT,
262,Chevrolet,Camaro,COUPE,2.0 LT A TURBO,
263,Chevrolet,Camaro,COUPE,6.2 SS C AT,
264,Chevrolet,Cavalier,SEDAN,1.5 LT B AUTO,
265,Chevrolet,Cavalier,SEDAN,1.5 PREMIER C AUTO,
266,Chevrolet,Cavalier,SEDAN,1.5 LS A,
267,Chevrolet,Cavalier,SEDAN,1.5 LS D AUTO,
268,Chevrolet,Cavalier,SEDAN,1.3 LS AUTO,
269,Chevrolet,Cavalier,SEDAN,1.3 RS AUTO,
270,Chevrolet,Cavalier,SEDAN,1.3 RS C AUTO,
271,Chevrolet,Cheyenne,PICKUP,5.3 CHEYENNE LT CAB REG H AUTO 4WD,
272,Chevrolet,Corvette,OTHER,6.2 STINGRAY Z51 AT D,
273,Chevrolet,Cruze,SEDAN,1.8 1LS A,
274,Chevrolet,Cruze,SEDAN,1.4 LT J TURBO MT,
275,Chevrolet,Cruze,SEDAN,1.8 LS A AT,
276,Chevrolet,Cruze,SEDAN,1.4 LS B TURBO AT,
277,Chevrolet,Cruze,SEDAN,1.4 LT C TURBO AT,
278,Chevrolet,Cruze,SEDAN,1.4 PREMIER D TURBO AT,
279,Chevrolet,Equinox,SUV,2.4 LS D AUTO,
280,Chevrolet,Equinox,SUV,2.4 LT E AUTO,
281,Chevrolet,Equinox,SUV,2.4 LTZ F AUTO,
282,Chevrolet,Equinox,SUV,1.5 LT B AUTO,
283,Chevrolet,Equinox,SUV,1.5 PREMIER PLUS D AUTO,
284,Chevrolet,Malibu,SEDAN,2.5 C LT AT,
285,Chevrolet,Onix,SEDAN,1.0 LS A,
286,Chevrolet,Onix,SEDAN,1.0 LS B AUTO,
287,Chevrolet,Onix,SEDAN,1.0 LT C,
288,Chevrolet,Onix,SEDAN,1.2 PREMIER G AUTO,
289,Chevrolet,Onix,SEDAN,1.0 LT D AUTO,
290,Chevrolet,Onix,SEDAN,1.0 PREMIER RedLINE E AUTO,
291,Chevrolet,Onix,SEDAN,1.3 LS A,
292,Chevrolet,Onix,SEDAN,1.3 LT C,
293,Chevrolet,Silverado 1500,PICKUP,4.3 1500 CAB REG F V6 AT,
294,Chevrolet,Silverado 1500,PICKUP,2.7 SILVERADO 1500 WT CREW CAB E AUTO,
295,Chevrolet,Sonic,SEDAN,1.6 MT D LT,
296,Chevrolet,Sonic,HATCHBACK,1.4 MT H RS TURBO,
297,Chevrolet,Sonic,SEDAN,1.6 AT F LTZ,
298,Chevrolet,Sonic,SEDAN,1.6 MT A LS,
299,Chevrolet,Sonic,SEDAN,1.6 AT E LT,
300,Chevrolet,Sonic,SEDAN,1.6 AT F PREMIER,
301,Chevrolet,Sonic,HATCHBACK,1.6 AT K LT,
302,Chevrolet,Sonic,HATCHBACK,1.6 MT J LT,
303,Chevrolet,Spark,HATCHBACK,1.2 LT B MT,
304,Chevrolet,Spark,HATCHBACK,1.2 LTZ C MT,
305,Chevrolet,Spark,HATCHBACK,1.4 LT B MT,
306,Chevrolet,Spark,HATCHBACK,1.4 LTZ C MT,
307,Chevrolet,Spark,HATCHBACK,1.4 LT B,
308,Chevrolet,Spark,HATCHBACK,1.4 LT F AUTO,
309,Chevrolet,Spark,HATCHBACK,1.4 LTZ G AUTO,
310,Chevrolet,Spark,HATCHBACK,1.4 LT CVT F,
311,Chevrolet,Spark,HATCHBACK,1.4 PREMIER C,
312,Chevrolet,Spark,HATCHBACK,1.4 PREMIER CVT G,
313,Chevrolet,Spark,HATCHBACK,1.4 ACTIV D,
314,Chevrolet,Spark,HATCHBACK,1.4 PREMIER G CVT,
315,Chevrolet,Spark,HATCHBACK,1.4 LT F CVT,
316,Chevrolet,Spark Classic,HATCHBACK,1.2 LS A MT,
317,Chevrolet,Spark Classic,HATCHBACK,1.2 LTZ C MT,
318,Chevrolet,Spark Classic,HATCHBACK,1.2 LT B MT,
319,Chevrolet,Suburban,SUV,5.3 C LT AT,
320,Chevrolet,Suburban,SUV,5.3 D LTZ AT 4WD,
321,Chevrolet,Suburban,SUV,6.0 G HD AUTO 4WD,
322,Chevrolet,Tahoe,SUV,5.3 D PIEL DVD,
323,Chevrolet,Tahoe,SUV,5.3 D LT AT,
324,Chevrolet,Tahoe,SUV,5.3 F PREMIER AT 4WD,
325,Chevrolet,Tornado Van,VAN,1.5 LS B,
326,Chevrolet,Traverse,SUV,3.6 TRAVERSE LT B PIEL QUEMACOCOS AT,
327,Chevrolet,Traverse,SUV,3.6 TRAVERSE LT B AT,
328,Chevrolet,Traverse,SUV,3.6 LT B AUTO,
329,Chevrolet,Trax,SUV,1.8 A LS MT,
330,Chevrolet,Trax,SUV,1.8 C LTZ AT,
331,Chevrolet,Trax,SUV,1.4 D LTZ AT,
332,Chevrolet,Trax,SUV,1.8 B LT AT,
333,Chevrolet,Trax,SUV,1.8 C PREMIER AT,
334,Chevrolet,Trax,SUV,1.8 A LS,
335,Chevrolet,Trax,SUV,1.8 B LT AUTO,
336,Chevrolet,Trax,SUV,1.8 C PREMIER AUTO,
337,Chevrolet,Trax,SUV,1.8 LS A,
338,Chevrolet,Trax,SUV,1.8 LT B AUTO,
339,Chevrolet,Trax,SUV,1.8 PREMIER C AUTO,
340,Chirey,Tiggo 2 Pro,SUV,1.0 LUXURY CVT,
341,Chirey,Tiggo 4 Pro,SUV,1.5 COMFORT CVT,
342,Chirey,Tiggo 4 Pro,SUV,1.5 LUXURY CVT,
343,Chirey,Tiggo 4 Pro,SUV,1.5 PREMIUM CVT,
344,Chirey,Tiggo 7 Pro,SUV,1.5 LUXURY CVT,
345,Chirey,Tiggo 7 Pro,SUV,1.5 PREMIUM CVT,
346,Chirey,Tiggo 8 Pro,SUV,1.6 PREMIUM DCT,
347,Chirey,Tiggo 8 Pro,SUV,1.6 LUXURY DCT,
348,Chirey,Tiggo 8 Pro Max,SUV,2.0 LUXURY DCT,
349,Chirey,Tiggo 8 Pro Max,SUV,2.0 PREMIUM DCT AWD,
350,Chrysler,Pacifica,MINIVAN,3.6 LIMITED PLATINUM AUTO,
351,Chrysler,Pacifica,MINIVAN,3.6 LIMITED AUTO,
352,Chrysler,Town %26 Country,MINIVAN,4.0 LX,
353,Cupra,Ateca,SUV,2.0 TSI DCT 4WD,
354,Cupra,Formentor,SUV,2.0 TSI HIGH 310HP DCT 4WD,
355,Cupra,Leon,HATCHBACK,2.0 245HP DCT,
356,Dodge,Attitude,SEDAN,1.2 SXT AT,
357,Cupra,Leon,SEDAN,1.2 SXT AT,
358,Dodge,Attitude,SEDAN,1.2 SXT MT,
359,Dodge,Attitude,SEDAN,1.2 SXT,
360,Dodge,Attitude,SEDAN,1.2 SXT AUTO,
361,Dodge,Attitude,SEDAN,1.2 SXT CVT,
362,Dodge,Challenger,COUPE,3.6 GT AUTO,
363,Dodge,Dart,SEDAN,2.4 GT ATX,
364,Dodge,Durango,SUV,3.6 TOURING AUTO,
365,Dodge,Grand Caravan,MINIVAN,3.6 SXT PLUS,
366,Dodge,Journey,SUV,2.4 SXT 7 PASAJEROS,
367,Dodge,Journey,SUV,2.4 SE,
368,Dodge,Journey,SUV,2.4 SXT+ 7 PASAJEROS,
369,Dodge,Journey,SUV,2.4 SE PLUS,
370,Dodge,Journey,SUV,2.4 SXT+ 5 PASAJEROS,
371,Dodge,Journey,SUV,3.6 RT,
372,Dodge,Journey,SUV,2.4 SXT+ 7 LUJO,
373,Dodge,Journey,SUV,2.4 SXT+ 7 SPORT,
374,Dodge,Journey,SUV,2.4 SXT+ 7 SPORT PLUS,
375,Dodge,Journey,SUV,2.4 SE BLACKTOP PARKVIEW,
376,Dodge,Journey,SUV,1.5 SXT AUTO,
377,Dodge,Journey,SUV,1.5 GT AUTO,
378,Dodge,Neon,SEDAN,1.6 SXT + AT,
379,Dodge,Neon,SEDAN,1.4 SE MT,
380,Dodge,Vision,SEDAN,1.6 MT,
381,Fiat,500,HATCHBACK,1.4 POP MT,
382,Fiat,500,HATCHBACK,1.4 SPORT AT,
383,Fiat,500,HATCHBACK,1.4 SPORT MT,
384,Fiat,500,HATCHBACK,1.4 TRENDY AT,
385,Fiat,500,HATCHBACK,1.4 EASY MT,
386,Fiat,500,HATCHBACK,1.4 SPORTING MT,
387,Fiat,Argo,HATCHBACK,1.3 DRIVE PLUS,
388,Fiat,Mobi,HATCHBACK,1.0 LIKE,
389,Fiat,Mobi,HATCHBACK,1.0 LIKE PANTALLA,
390,Fiat,Mobi,HATCHBACK,1.0 WAY,
391,Fiat,Mobi,HATCHBACK,1.0 TREKKING,
392,Fiat,Palio,WAGON,1.6 ADVENTURE AT,
393,Fiat,Palio,HATCHBACK,1.6 SPORTING DUALOGIC,
394,Fiat,Palio,WAGON,1.6 ADVENTURE,
395,Fiat,Pulse,SUV,1.3 AUDACE CVT,
396,Fiat,Pulse,SUV,1.3 IMPETUS CVT,
397,Fiat,Uno,HATCHBACK,1.4 WAY,
398,Fiat,Uno,HATCHBACK,1.4 ATTRACTIVE,
399,Fiat,Uno,HATCHBACK,1.4 LIKE,
400,Fiat,Uno,HATCHBACK,1.4 SPORTING PANTALLA,
401,Ford,Bronco Sport,SUV,2.0 BADLANDS AUTO 4WD,
402,Ford,Bronco Sport,SUV,1.5 HERITAGE AUTO 4WD,
403,Ford,EcoSport,SUV,2.0 SE 4X2 AT,
404,Ford,EcoSport,SUV,2.0 TITANIUM 4X2 AT,
405,Ford,EcoSport,SUV,2.0 TREND 4X2 AT,
406,Ford,EcoSport,SUV,2.0 TREND AT,
407,Ford,EcoSport,SUV,1.5 IMPULSE,
408,Ford,EcoSport,SUV,2.0 TITANIUM AUTO,
409,Ford,EcoSport,SUV,2.0 TREND AUTO,
410,Ford,EcoSport,SUV,1.5 TREND,
411,Ford,Edge,SUV,3.5 BASE SE V6 AT,
412,Ford,Edge,SUV,3.5 SEL AT,
413,Ford,Edge,SUV,3.5 SEL PLUS AT,
414,Ford,Edge,SUV,2.0 TITANIUM AUTO,
415,Ford,Edge,SUV,2.7 V6 ST AUTO AWD,
416,Ford,Escape,SUV,2.5 SE PLUS PANORAMA ROOF AT,
417,Ford,Escape,SUV,2.0 SE ECOBOOST AT,
418,Ford,Escape,SUV,2.0L TITANIUM AT,
419,Ford,Escape,SUV,2.5 S PLUS I4 AT,
420,Ford,Escape,SUV,2.5 TITANIUM I4 AT,
421,Ford,Escape,SUV,2.5 TREND AT,
422,Ford,Escape,SUV,2.0 TITANIUM ECOBOOST AT,
423,Ford,Escape,SUV,2.0 TITANIUM ECOBOOST AUTO,
424,Ford,Escape,SUV,2.5 S AUTO,
425,Ford,Escape,SUV,2.5 S PLUS AUTO,
426,Ford,Escape,SUV,2.5 TREND AUTO,
427,Ford,Escape,SUV,2.5 HEV TITANIUM CVT,
428,Ford,Expedition,SUV,3.5 KING RANCH 4X2 V6 AT,
429,Ford,Expedition,SUV,3.5 LIMITED 4X2 V6 AT,
430,Ford,Explorer,SUV,3.5 LIMITED V6 4WD AT,
431,Ford,Explorer,SUV,3.5 XLT V6 4X2 AT,
432,Ford,Explorer,SUV,3.5 LIMITED AUTO,
433,Ford,Explorer,SUV,3.5 XLT AUTO,
434,Ford,Explorer,SUV,3.0 ST AUTO AWD ES,
435,Ford,F-150,PICKUP,3.7 XL REG 4X2 V6 AT,
436,Ford,Fiesta,HATCHBACK,1.6 S MT,
437,Ford,Fiesta,SEDAN,1.6 S MT,
438,Ford,Fiesta,HATCHBACK,1.6 SE MT,
439,Ford,Fiesta,SEDAN,1.6 SE,
440,Ford,Fiesta,SEDAN,1.6 SE DCT,
441,Ford,Figo,SEDAN,1.5 ASPIRE TITANIUM AT,
442,Ford,Figo,SEDAN,1.5 AMBIENTE SEDAN TM RA-17,
443,Ford,Figo,HATCHBACK,1.5 FIGO ENERGY,
444,Ford,Figo,SEDAN,1.5 FIGO ENERGY,
445,Ford,Figo,SEDAN,1.5 FIGO IMPULSE A/A,
446,Ford,Figo,SEDAN,1.5 FIGO IMPULSE A/A AUTO,
447,Ford,Figo,SEDAN,1.5 ENERGY,
448,Ford,Figo,SEDAN,1.5 IMPULSE,
449,Ford,Figo,SEDAN,1.5 IMPULSE AUTO,
450,Ford,Figo,SEDAN,1.5 TITANIUM AUTO,
451,Ford,Focus,SEDAN,2.0 S AT,
452,Ford,Focus,HATCHBACK,2.0 SE APPEARENCE AT,
453,Ford,Focus,SEDAN,2.0 SE APPEARENCE AT,
454,Ford,Focus,HATCHBACK,2.0 SE LUXURY AT,
455,Ford,Focus,SEDAN,2.0 SE LUXURY AT,
456,Ford,Focus,SEDAN,2.0 SE AUTO,
457,Ford,Focus,SEDAN,2.0 TITANIUM AUTO,
458,Ford,Focus,HATCHBACK,2.0 SE DCT 5PTAS,
459,Ford,Fusion,SEDAN,2.0 GTDI TITANIUM PLUS AT,
460,Ford,Fusion,SEDAN,2.0 GTDI SE LUXURY PLUS NAV AT,
461,Ford,Fusion,SEDAN,2.5 SE AUTO,
462,Ford,Lobo,PICKUP,5.0 LOBO LARIAT CREW CAB 4WD AT,
463,Ford,Lobo,PICKUP,3.5 LOBO ECOBOOST PLATINUM CREW CAB 4WD,
464,Ford,Mustang,COUPE,5.0 GT PREMIUM FASTBACK V8 TA,
465,Ford,Mustang,COUPE,2.3 ECOBOOST TA,
466,Ford,Mustang,COUPE,5.0 V8 TA,
467,Ford,Mustang,COUPE,2.3 ECOBOOST AUTO,
468,Ford,Mustang,COUPE,5.0 V8 GT AUTO,
469,Ford,Ranger,PICKUP,2.5 XL CREW CAB,
470,Ford,Ranger,PICKUP,3.2 DIESEL XLT CREW CAB AUTO 4WD,
471,Ford,Territory,SUV,1.8 ECOBOOST TITANIUM AUTO,
472,Ford,Transit,VAN,2.2 LARGA DIESEL AC 6VEL,
473,Ford,Transit,VAN,1,
474,Gmc,Acadia,SUV,3.6 E DENALI 4WD,
475,Gmc,Acadia,SUV,3.6 DENALI E AUTO 4WD,
476,Gmc,Acadia,SUV,3.6 DENALI G AUTO 4WD,
477,Gmc,Sierra,PICKUP,5.3 SLE F REG CAB AUTO 4WD,
478,Gmc,Terrain,SUV,3.6 - DENALI E AT,
479,Gmc,Terrain,SUV,3.6 - DENALI D AT,
480,Gmc,Terrain,SUV,3.6 PIEL - SLT B AT,
481,Gmc,Terrain,SUV,2.0 DENALI D AUTO,
482,Gmc,Terrain,SUV,2.0 SLT B AUTO,
483,Gmc,Terrain,SUV,1.5 DENALI D AUTO,
484,Gmc,Terrain,SUV,1.5 SLE BLACK EDITION E AUTO,
485,Gmc,Yukon,SUV,6.2 D DENALI AUTO 4WD,
486,Honda,Accord,SEDAN,2.4 EX L CVT L4,
487,Honda,Accord,SEDAN,3.5 EX L NAVI V6 AT,
488,Honda,Accord,SEDAN,3.5 EXL V6 NAVI,
489,Honda,Accord,SEDAN,2.4 SPORT,
490,Honda,Accord,SEDAN,2.0 TOURING AUTO,
491,Honda,Accord,SEDAN,1.5 SPORT PLUS CVT,
492,Honda,Accord,SEDAN,2.0 HEV TOURING CVT,
493,Honda,BR-V,SUV,1.5 PRIME AUTO,
494,Honda,City,SEDAN,1.5 EX CVT,
495,Honda,City,SEDAN,1.5 EX,
496,Honda,City,SEDAN,1.5 LX CVT,
497,Honda,City,SEDAN,1.5 PRIME CVT,
498,Honda,City,SEDAN,1.5 TOURING CVT,
499,Honda,Civic,COUPE,1.8 EX AT 2DRS,
500,Honda,Civic,SEDAN,1.8 EX AT 4DRS,
501,Honda,Civic,SEDAN,1.8 EX-L NAVI AT 4DRS,
502,Honda,Civic,COUPE,1.8 EX MT 2DRS,
503,Honda,Civic,COUPE,1.5 TURBO,
504,Honda,Civic,SEDAN,1.5 TURBO,
505,Honda,Civic,SEDAN,1.5 TURBO PLUS,
506,Honda,Civic,SEDAN,2.0 EX MT,
507,Honda,Civic,SEDAN,2.0 I-STYLE CVT,
508,Honda,Civic,COUPE,1.5 SPORT PLUS CVT,
509,Honda,Civic,SEDAN,1.5 TOURING CVT,
510,Honda,Civic,SEDAN,2.0 EX,
511,Honda,CR-V,SUV,2.4 LX,
512,Honda,CR-V,SUV,2.4 EX-L,
513,Honda,CR-V,SUV,2.4 EX,
514,Honda,CR-V,SUV,2.4 EX-L NAVI,
515,Honda,CR-V,SUV,2.4 I-STYLE,
516,Honda,CR-V,SUV,2.4 EXL NAVI,
517,Honda,CR-V,SUV,1.5 TOURING,
518,Honda,CR-V,SUV,1.5 TOURING AUTO,
519,Honda,CR-V,SUV,1.5 TURBO PLUS AUTO,
520,Honda,CR-V,SUV,1.5 TOURING CVT,
521,Honda,CR-V,SUV,1.5 TURBO PLUS CVT,
522,Honda,CR-V,SUV,2.4 EX CVT,
523,Honda,CR-V,SUV,1.5 TURBO CVT,
524,Honda,Fit,HATCHBACK,1.5 FUN MT,
525,Honda,Fit,HATCHBACK,1.5 HIT CVT,
526,Honda,Fit,HATCHBACK,1.5 COOL,
527,Honda,Fit,HATCHBACK,1.5 FUN CVT,
528,Honda,Fit,HATCHBACK,1.5 HIT,
529,Honda,HR-V,SUV,1.8 EPIC CVT,
530,Honda,HR-V,SUV,1.8 UNIQ CVT,
531,Honda,HR-V,SUV,1.8 UNIQ MT,
532,Honda,HR-V,SUV,1.8 TOURING CVT,
533,Honda,HR-V,SUV,1.8 PRIME CVT,
534,Honda,HR-V,SUV,1.8 UNIQ,
535,Honda,HR-V,SUV,2.0 TOURING CVT,
536,Honda,HR-V,SUV,2.0 UNIQ CVT,
537,Honda,insight,SEDAN,1.5 HYBRID CVT,
538,Honda,insight,SEDAN,1.5 HEV CVT,
539,Honda,Odyssey,MINIVAN,3.5 LX AT,
540,Honda,Odyssey,MINIVAN,3.5 TOURING AT,
541,Honda,Odyssey,MINIVAN,3.5 EX,
542,Honda,Odyssey,MINIVAN,3.5 EXL,
543,Honda,Odyssey,MINIVAN,3.5 LX,
544,Honda,Odyssey,MINIVAN,3.5 EXL AUTO,
545,Honda,Odyssey,MINIVAN,3.5 TOURING AUTO,
546,Honda,Pilot,SUV,3.5 4WD TOURING AT,
547,Honda,Pilot,SUV,3.5 TOURING,
548,Honda,Pilot,SUV,3.5 TOURING 4WD AUTO,
549,Honda,Pilot,SUV,3.5 PRIME AUTO,
550,Honda,Pilot,SUV,3.5 TOURING AUTO,
551,Hyundai,Accent,SEDAN,1.6 GL,
552,Hyundai,Accent,HATCHBACK,1.6 GL AUTO,
553,Hyundai,Accent,SEDAN,1.6 GL MID,
554,Hyundai,Accent,HATCHBACK,1.6 GL MID AUTO,
555,Hyundai,Accent,SEDAN,1.6 GLS AUTO,
556,Hyundai,Accent,SEDAN,1.6 GL MID AUTO,
557,Hyundai,Creta,SUV,1.6 LIMITED TA,
558,Hyundai,Creta,SUV,1.6 GLS,
559,Hyundai,Creta,SUV,1.6 GLS AUTO,
560,Hyundai,Creta,SUV,1.6 GLS PREMIUM AUTO,
561,Hyundai,Creta,SUV,1.6 LIMITED AUTO,
562,Hyundai,Creta,SUV,1.5 GL,
563,Hyundai,Creta,SUV,1.5 GLS PREMIUM IVT,
564,Hyundai,Creta,SUV,1.5 GLS IVT,
565,Hyundai,Creta Grand,SUV,2.0 GLS PREMIUM AUTO,
566,Hyundai,Creta Grand,SUV,2.0 LIMITED AUTO,
567,Hyundai,Elantra,SEDAN,1.8 GLS AT,
568,Hyundai,Elantra,SEDAN,1.8 LIMITED TECH AT,
569,Hyundai,Elantra,SEDAN,1.8 GLS MT,
570,Hyundai,Elantra,SEDAN,1.8 GLS PREMIUM AT,
571,Hyundai,Elantra,SEDAN,1.8 LIMITED TECH NAVI AT,
572,Hyundai,Elantra,SEDAN,2.0 GLS AT,
573,Hyundai,Elantra,SEDAN,2.0 GLS PREMIUM AT,
574,Hyundai,Elantra,SEDAN,2.0 LIMITED TECH NAVI AT,
575,Hyundai,Elantra,SEDAN,2.0 GLS,
576,Hyundai,Elantra,SEDAN,2.0 GLS AUTO,
577,Hyundai,Elantra,SEDAN,2.0 GLS PREMIUM AUTO,
578,Hyundai,Elantra,SEDAN,2.0 LIMITED TECH NAVI AUTO,
579,Hyundai,Elantra,SEDAN,2.0 GLS PREMIUM IVT,
580,Hyundai,Grand i10,SEDAN,1.2 GL MID AT,
581,Hyundai,Grand i10,SEDAN,1.2 GLS MT,
582,Hyundai,Grand i10,HATCHBACK,1.2 GL,
583,Hyundai,Grand i10,HATCHBACK,1.2 GL MID,
584,Hyundai,Grand i10,SEDAN,1.2 GL MID,
585,Hyundai,Grand i10,HATCHBACK,1.2 GL MID AUTO,
586,Hyundai,Grand i10,HATCHBACK,1.2 GLS,
587,Hyundai,Grand i10,HATCHBACK,1.2 GLS AUTO,
588,Hyundai,Grand i10,SEDAN,1.2 GL,
589,Hyundai,Grand i10,SEDAN,1.2 GLS,
590,Hyundai,HB20,HATCHBACK,1.6 GL,
591,Hyundai,Ioniq,SEDAN,1.6 HYBRID GLS PREMIUM DCT,
592,Hyundai,Ioniq,SEDAN,1.6 HYBRID LIMITED DCT,
593,Hyundai,Ioniq,SEDAN,1.6 HEV GLS PREMIUM DCT,
594,Hyundai,ix35,SUV,2.0 GLS AT,
595,Hyundai,ix35,SUV,2.0 GLS MT,
596,Hyundai,ix35,SUV,2.0 GLS PREMIUM AT,
597,Hyundai,ix35,SUV,2.0 LIMITED AT,
598,Hyundai,Santa Fe,SUV,3.3 LIMITED TECH,
599,Hyundai,Santa Fe,SUV,2.5 GLS PREMIUM DCT,
600,Hyundai,Santa Fe,SUV,2.5 LIMITED TECH DCT,
601,Hyundai,Sonata,SEDAN,2.4 LIMITED AT,
602,Hyundai,Sonata,SEDAN,2.4 PREMIUM AT,
603,Hyundai,Tucson,SUV,2.0 GLS PREMIUM AT,
604,Hyundai,Tucson,SUV,2.0 LIMITED AT,
605,Hyundai,Tucson,SUV,2.0 GLS AT,
606,Hyundai,Tucson,SUV,2.0 LIMITED TECH NAVI AT,
607,Hyundai,Tucson,SUV,2.0 GLS AUTO,
608,Hyundai,Tucson,SUV,2.0 GLS PREMIUM AUTO,
609,Hyundai,Tucson,SUV,2.0 LIMITED AUTO,
610,Hyundai,Tucson,SUV,2.0 LIMITED TECH NAVI AUTO,
611,Hyundai,Tucson,SUV,2.4 LIMITED AUTO,
612,Hyundai,Tucson,SUV,2.4 LIMITED TECH AUTO,
613,Hyundai,Tucson,SUV,2.5 GLS PREMIUM AUTO,
614,Hyundai,Tucson,SUV,2.5 LIMITED TECH AUTO,
615,Hyundai,Tucson,SUV,1.6 HEV LIMITED AUTO,
616,Infiniti,M,SEDAN,3.7 PREMIUM AT,
617,Infiniti,Q50,SEDAN,3.7 SEDUCTION AT,
618,Infiniti,Q50,SEDAN,3.0 SPORT AUTO,
619,Infiniti,Q50,SEDAN,3.7 PERFECTION AUTO,
620,Infiniti,Q70,SEDAN,3.7 SEDUCTION AT,
621,Infiniti,QX50,SUV,2.0 ESSENTIAL AUTO,
622,Infiniti,QX60,SUV,3.5 PERFECTION CVT 4WD,
623,Infiniti,QX60,SUV,3.5 PERFECTION PLUS AWD AUTO,
624,Infiniti,QX60,SUV,3.5 SENSORY X-TRONIC AWD,
625,Infiniti,QX80,SUV,5.6 8 PASAJEROS AT 4WD,
626,Infiniti,QX80,SUV,5.6 SENSORY 8 PASAJEROS 4WD AUTO,
627,Jac,Frison T8,PICKUP,2.0 FRISON,
628,Jac,J7,HATCHBACK,1.5 QUANTUM CVT,
629,Jac,J7,HATCHBACK,1.5 LIMITED CVT,
630,Jac,SEI2,SUV,1.5 ACTIVE CVT,
631,Jac,SEI2,SUV,1.5 CONNECT CVT,
632,Jac,SEI2,SUV,1.5 SMART,
633,Jac,SEI2,SUV,1.5 SMART CVT,
634,Jac,SEI3,SUV,1.6 ACTIVE CVT,
635,Jac,SEI3 PRO,SUV,1.6 CONNECT CVT,
636,Jac,SEI4,SUV,1.5 BLACK SERIES CVT,
637,Jac,SEI7,SUV,2.0T QUANTUM DCT,
638,Jac,SEI7,SUV,2.0T SMART DCT,
639,Jac,SEI7 PRO,SUV,1.5 TGDI QUANTUM DCT,
640,Jaguar,F-Pace,SUV,3.0 PRESTIGE AWD,
641,Jaguar,XF,SEDAN,5.0 AT V8 PREMIUM LUXURY,
642,Jeep,Cherokee,SUV,2.4 LIMITED,
643,Jeep,Cherokee,SUV,2.4 LIMITED PLUS,
644,Jeep,Compass,SUV,2.4 LIMITED PREMIUM FWD CVT,
645,Jeep,Compass,SUV,2.4 SPORT FWD CVT,
646,Jeep,Compass,SUV,2.4 LATITUDE FWD ATX,
647,Jeep,Compass,SUV,2.4 LIMITED AUTO,
648,Jeep,Compass,SUV,2.4 LIMITED PREMIUM AUTO,
649,Jeep,Compass,SUV,2.4 HIGH ALTITUDE AUTO,
650,Jeep,Compass,SUV,1.3 ALTITUDE AUTO,
651,Jeep,Compass,SUV,2.0 HIGH ALTITUDE 4WD AUTO,
652,Jeep,Compass,SUV,1.3 LIMITED PREMIUM AUTO,
653,Jeep,Grand Cherokee,SUV,5.7 LIMITED PREMIUM 4X4 HEMI V8 MDS,
654,Jeep,Grand Cherokee,SUV,5.7 LIMITED PREMIUM 4X2 HEMI V8 MDS,
655,Jeep,Grand Cherokee,SUV,3.6 LARedO LUJO V6 POWER TECH,
656,Jeep,Grand Cherokee,SUV,3.6 LIMITED LUJO V6,
657,Jeep,Grand Cherokee,SUV,3.6 LIMITED V6,
658,Jeep,Grand Cherokee,SUV,5.7 LIMITED LUJO HEMI V8 MDS,
659,Jeep,Grand Cherokee,SUV,3.6 LIMITED LUJO V6 4X2,
660,Jeep,Grand Cherokee,SUV,3.6 LIMITED V6 4X2 20,
661,Jeep,Grand Cherokee,SUV,5.7 LIMITED LUJO ADVANCE V8 AT 4X4,
662,Jeep,Grand Cherokee,SUV,5.7 SUMMIT ELITE PLATINUM V8 AT 4X4,
663,Jeep,Grand Cherokee,SUV,3.6 LIMITED LUJO V6 AUTO,
664,Jeep,Grand Cherokee,SUV,5.7 LIMITED LUJO V8 AUTO 4WD,
665,Jeep,Patriot,SUV,2.4 SPORT FWD CVT,
666,Jeep,Patriot,SUV,2.4 LATITUDE FWD ATX,
667,Jeep,Patriot,SUV,2.4 LIMITED FWD ATX,
668,Jeep,Patriot,SUV,2.4 SPORT FWD ATX,
669,Jeep,Patriot,SUV,2.4 SPORT FWD MTX,
670,Jeep,Patriot,SUV,2.4 SPORT ATX,
671,Jeep,Renegade,SUV,1.8 LATITUDE AUTO,
672,Jeep,Renegade,SUV,1.8 LIMITED AUTO,
673,Jeep,Renegade,SUV,1.8 SPORT AUTO,
674,Jeep,Renegade,SUV,1.8 LIMITED BRONZE EDITION AUTO,
675,Jeep,Renegade,SUV,1.3 LIMITED AUTO,
676,Jeep,Wrangler,SUV,3.6 UNLIMITED SAHARA 4WD AUTO,
677,Jeep,Wrangler,SUV,3.6 SAHARA 4X4 ATX,
678,Jeep,Wrangler,SUV,3.6 JK SAHARA 4X4 ATX,
679,Jeep,Wrangler,SUV,3.6 JK UNLIMITED SAHARA 4X4 ATX,
680,Jeep,Wrangler,SUV,3.6 MHEV RUBICON AUTO 4WD,
681,Jetour,Dashing,SUV,1.6T DCT,
682,Jmc,Vigus,PICKUP,1.8 VIGUS 3 CORTA,
683,Jmc,Vigus,PICKUP,1.8 VIGUS 3 LARGA,
684,Kia,FORTE,SEDAN,2.0 LX AT,
685,Kia,FORTE,SEDAN,2.0 LX MT,
686,Kia,FORTE,SEDAN,2.0 SX AT,
687,Kia,FORTE,SEDAN,2.0 EX AT,
688,Kia,FORTE,HATCHBACK,2.0 EX MT,
689,Kia,FORTE,SEDAN,2.0 EX,
690,Kia,FORTE,SEDAN,2.0 EX AUTO,
691,Kia,FORTE,SEDAN,2.0 L,
692,Kia,FORTE,SEDAN,2.0 L AUTO,
693,Kia,FORTE,SEDAN,2.0 LX,
694,Kia,FORTE,SEDAN,2.0 LX AUTO,
695,Kia,FORTE,SEDAN,2.0 SX AUTO,
696,Kia,FORTE,SEDAN,2.0 EX PREMIUM AUTO,
697,Kia,FORTE,HATCHBACK,2.0 EX,
698,Kia,FORTE,HATCHBACK,2.0 EX IVT,
699,Kia,FORTE,SEDAN,2.0 EX IVT,
700,Kia,FORTE,SEDAN,2.0 GT LINE IVT,
701,Kia,FORTE,SEDAN,2.0 L IVT,
702,Kia,FORTE,SEDAN,2.0 LX IVT,
703,Kia,FORTE,HATCHBACK,2.0 GT LINE,
704,Kia,K3,SEDAN,1.6 EX AUTO,
705,Kia,K3,SEDAN,1.6 LX AUTO,
706,Kia,Niro,SUV,1.6 EX DCT,
707,Kia,Niro,SUV,HEV 1.6 EX DCT,
708,Kia,Optima,SEDAN,2.4 GDI LX AT,
709,Kia,Optima,SEDAN,2.0 TURBO SXL AUTO,
710,Kia,Optima,SEDAN,2.4 EX AUTO,
711,Kia,Optima,SEDAN,2.4 EX PACK AUTO,
712,Kia,Optima,SEDAN,2.4 GDI LX AUTO,
713,Kia,Rio,HATCHBACK,1.6 LX MT,
714,Kia,Rio,HATCHBACK,1.6 EX MT,
715,Kia,Rio,SEDAN,1.6 EX MT,
716,Kia,Rio,HATCHBACK,1.6 EX,
717,Kia,Rio,SEDAN,1.6 EX,
718,Kia,Rio,HATCHBACK,1.6 EX AUTO,
719,Kia,Rio,SEDAN,1.6 EX AUTO,
720,Kia,Rio,HATCHBACK,1.6 EX PACK AUTO,
721,Kia,Rio,HATCHBACK,1.6 LX,
722,Kia,Rio,SEDAN,1.6 LX,
723,Kia,Rio,HATCHBACK,1.6 LX AUTO,
724,Kia,Rio,SEDAN,1.6 LX AUTO,
725,Kia,Rio,SEDAN,1.6 L,
726,Kia,Rio,SEDAN,1.6 L AUTO,
727,Kia,Rio,HATCHBACK,1.6 S PACK,
728,Kia,Rio,SEDAN,1.6 S PACK AUTO,
729,Kia,Sedona,MINIVAN,3.3 EX AUTO,
730,Kia,Sedona,MINIVAN,3.3 EX PACK AUTO,
731,Kia,Sedona,MINIVAN,3.3 LX AUTO,
732,Kia,Sedona,MINIVAN,3.3 SXL AUTO,
733,Kia,Seltos,SUV,1.4 GT LINE DCT,
734,Kia,Seltos,SUV,1.6 EX,
735,Kia,Seltos,SUV,1.6 EX AUTO,
736,Kia,Seltos,SUV,1.6 EX PACK AUTO,
737,Kia,Seltos,SUV,1.6 SX AUTO,
738,Kia,Seltos,SUV,1.6 LX,
739,Kia,Seltos,SUV,1.4 SXL DCT,
740,Kia,Seltos,SUV,1.5 EX PACK AUTO,
741,Kia,Sorento,SUV,3.3 EX AT,
742,Kia,Sorento,SUV,3.3 EX PACK AT,
743,Kia,Sorento,SUV,2.4 LX AT,
744,Kia,Sorento,SUV,3.3 SXL AUTO 4WD,
745,Kia,Sorento,SUV,2.4 EX AUTO,
746,Kia,Sorento,SUV,2.4 LX AUTO,
747,Kia,Sorento,SUV,3.3 EX PACK AUTO,
748,Kia,Sorento,SUV,2.5 EX PACK AUTO,
749,Kia,Sorento,SUV,2.5 EX AUTO,
750,Kia,Soul,HATCHBACK,1.6 LX AT,
751,Kia,Soul,HATCHBACK,2.0 EX AT,
752,Kia,Soul,HATCHBACK,1.6 LX MT,
753,Kia,Soul,SUV,1.6 SX DCT,
754,Kia,Soul,HATCHBACK,1.6 LX,
755,Kia,Soul,HATCHBACK,1.6 LX AUTO,
756,Kia,Soul,HATCHBACK,2.0 EX AUTO,
757,Kia,Soul,HATCHBACK,2.0 EX PACK AUTO,
758,Kia,Soul,SUV,1.6 LX,
759,Kia,Soul,SUV,1.6 LX AUTO,
760,Kia,Soul,SUV,2.0 EX IVT AUTO,
761,Kia,Soul,SUV,2.0 EX PACK IVT AUTO,
762,Kia,Sportage,SUV,2.0 EX AT,
763,Kia,Sportage,SUV,2.0 EX PACK AT,
764,Kia,Sportage,SUV,2.0 LX AT,
765,Kia,Sportage,SUV,2.4 SXL AT,
766,Kia,Sportage,SUV,2.4 SXL AWD AT,
767,Kia,Sportage,SUV,2.0 EX AUTO,
768,Kia,Sportage,SUV,2.0 EX PACK AUTO,
769,Kia,Sportage,SUV,2.0 LX AUTO,
770,Kia,Sportage,SUV,2.4 SXL AUTO,
771,Kia,Sportage,SUV,2.4 SX AUTO,
772,Kia,Sportage,SUV,2.4 SXL 4WD AUTO,
773,Kia,Sportage,SUV,2.5 SXL AUTO,"modern 2025 Kia Sportage. modern look, updated car model"
774,Kia,Stinger,HATCHBACK,3.3 GT AUTO,
775,Land Rover,Discovery Sport,SUV,2.0 HSE LUXURY AUTO 4WD,
776,Land Rover,Range Rover Sport,SUV,5.0 V8 SUPERCHARGED AT 4WD,
777,Land Rover,Range Rover Sport,SUV,3.0 V6 HSE AT 4WD,
778,Land Rover,Range Rover Velar,SUV,2.0 P300 R-DYNAMIC SE AUTO 4WD,
779,Lexus,ES,SEDAN,2.5 HEV 300H CVT,
780,Lexus,NX,SUV,2.5 250 AUTO AWD,
781,Lincoln,Aviator,SUV,3.0 RESERVE AUTO 4WD,
782,Lincoln,Aviator,SUV,3.0 PHEV GRAND TOURING AUTO AWD,
783,Lincoln,MKC,SUV,2.0 SELECT AUTO 4WD,
784,Lincoln,MKC,SUV,2.0 SELECT AUTO,
785,Lincoln,MKC,SUV,2.3 RESERVE AUTO 4WD,
786,Lincoln,MKS,SEDAN,3.5 V6 4WD ECOBOOST AT,
787,Lincoln,Nautilus,SUV,2.0 RESERVE AUTO,
788,Mazda,CX-3,SUV,2.0 I GRAND TOURING 2WD AT,
789,Mazda,CX-3,SUV,2.0 I SPORT 2WD AT,
790,Mazda,CX-3,SUV,2.0 I 2WD AT,
791,Mazda,CX-30,SUV,2.5 I GRAND TOURING AUTO,
792,Mazda,CX-30,SUV,2.5 I SPORT AUTO,
793,Mazda,CX-30,SUV,2.5 SIGNATURE AUTO,
794,Mazda,CX-5,SUV,2.0 I GRAND TOURING 2WD AT,
795,Mazda,CX-5,SUV,2.5 S GRAND TOURING 2WD AT,
796,Mazda,CX-5,SUV,2.0 I AT 2WD,
797,Mazda,CX-5,SUV,2.0 I SPORT AT 2WD,
798,Mazda,CX-5,SUV,2.0 I AUTO 2WD,
799,Mazda,CX-5,SUV,2.5 I GRAND TOURING AUTO 2WD,
800,Mazda,CX-5,SUV,2.5 I SPORT AUTO 2WD,
801,Mazda,CX-5,SUV,2.5 S GRAND TOURING AUTO 2WD,
802,Mazda,CX-5,SUV,2.5 SIGNATURE AUTO 2WD,
803,Mazda,CX-5,SUV,2.5 I SPORT AUTO,
804,Mazda,CX-5,SUV,2.5 I GRAND TOURING AUTO,
805,Mazda,CX-5,SUV,2.5 S GRAND TOURING AUTO,
806,Mazda,CX-5,SUV,2.5 SIGNATURE AUTO,
807,Mazda,CX-9,SUV,3.7 SPORT 2WD AT,
808,Mazda,CX-9,SUV,2.5 TURBO I GRAND TOURING 4WD AT,
809,Mazda,CX-9,SUV,2.5 I SPORT AT,
810,Mazda,CX-9,SUV,2.5 SIGNATURE 4WD AUTO,
811,Mazda,Mazda 2,HATCHBACK,1.5 TOURING TA,
812,Mazda,Mazda 2,HATCHBACK,1.5 I GRAND TOURING TA,
813,Mazda,Mazda 2,HATCHBACK,1.5 I TA,
814,Mazda,Mazda 2,HATCHBACK,1.5 I TOURING TM,
815,Mazda,Mazda 2,HATCHBACK,1.5 I GRAND TOURING AUTO,
816,Mazda,Mazda 2,HATCHBACK,1.5 I TOURING,
817,Mazda,Mazda 2,HATCHBACK,1.5 I TOURING AUTO,
818,Mazda,Mazda 2,SEDAN,1.5 I TOURING SEDAN AUTO,
819,Mazda,Mazda 2,HATCHBACK,1.5 I SPORT AUTO,
820,Mazda,Mazda 2,SEDAN,1.5 I SPORT SEDAN,
821,Mazda,Mazda 2,SEDAN,1.5 I SPORT SEDAN AUTO,
822,Mazda,Mazda 2,HATCHBACK,1.5 MHEV I GRAND TOURING AUTO,
823,Mazda,Mazda 2,SEDAN,1.5 MHEV I GRAND TOURING AUTO,
824,Mazda,Mazda 2,SEDAN,1.5 I GRAND TOURING AUTO,
825,Mazda,Mazda 3,HATCHBACK,2.5 HATCHBACK S TA,
826,Mazda,Mazda 3,SEDAN,2.0 SEDAN I TOURING TA,
827,Mazda,Mazda 3,HATCHBACK,2.5 HATCHBACK S GT TA,
828,Mazda,Mazda 3,SEDAN,2.5 SEDÁN S GT TA,
829,Mazda,Mazda 3,HATCHBACK,2.0 HATCHBACK I TOURING TM,
830,Mazda,Mazda 3,SEDAN,2.0 SEDAN I TOURING TM,
831,Mazda,Mazda 3,SEDAN,2.5 SEDÁN S TA,
832,Mazda,Mazda 3,SEDAN,2.0 SEDAN I TA,
833,Mazda,Mazda 3,HATCHBACK,2.5 HATCHBACK S GRAND TOURING TA,
834,Mazda,Mazda 3,SEDAN,2.5 SEDÁN S GRAND TOURING TA,
835,Mazda,Mazda 3,SEDAN,2.5 SEDAN I TOURING TA,
836,Mazda,Mazda 3,SEDAN,2.5 SEDAN I TOURING TM,
837,Mazda,Mazda 3,HATCHBACK,2.5 HATCHBACK I TOURING TA,
838,Mazda,Mazda 3,HATCHBACK,2.5 HATCHBACK S TM,
839,Mazda,Mazda 3,SEDAN,2.5 SEDAN S GRAND TOURING TA,
840,Mazda,Mazda 3,HATCHBACK,2.5 I GRAND TOURING HATCHBACK AUTO,
841,Mazda,Mazda 3,SEDAN,2.5 I GRAND TOURING SEDAN AUTO,
842,Mazda,Mazda 3,SEDAN,2.5 I SEDAN AUTO,
843,Mazda,Mazda 3,SEDAN,2.5 I SPORT SEDAN,
844,Mazda,Mazda 3,SEDAN,2.5 I,
845,Mazda,Mazda 3,SEDAN,2.5 I AUTO,
846,Mazda,Mazda 3,HATCHBACK,2.5 I GRAND TOURING AUTO,
847,Mazda,Mazda 3,SEDAN,2.5 I GRAND TOURING AUTO,
848,Mazda,Mazda 3,HATCHBACK,2.5 I SPORT,
849,Mazda,Mazda 3,SEDAN,2.5 I SPORT AUTO,
850,Mazda,Mazda 3,SEDAN,2.5 I SPORT,
851,Mazda,Mazda 3,HATCHBACK,2.5 I SPORT AUTO,
852,Mazda,Mazda 3,HATCHBACK,2.5 TURBO S GRAND TOURING 4WD AUTO,
853,Mazda,Mazda 3,HATCHBACK,2.5 TURBO SIGNATURE 4WD AUTO,
854,Mazda,Mazda 3,HATCHBACK,2.5 CARBON EDITION 4WD AUTO,
855,Mazda,Mazda 6,SEDAN,2.5 I GRAND TOURING TA,
856,Mazda,Mazda 6,SEDAN,2.5 I GRAND TOURING PLUS TA,
857,Mazda,Mazda 6,SEDAN,2.5 I SPORT TA,
858,Mazda,Mazda 6,SEDAN,2.5 I SPORT AUTO,
859,Mazda,MX-5,OTHER,2.0 I GRAND TOURING AT,
860,Mazda,MX-5,CONVERTIBLE,2.0 I SPORT MT,
861,Mazda,MX-5,OTHER,2.0 I GRAND TOURING POLYMETAL AUTO,
862,Mercedes Benz,Clase A,HATCHBACK,1.6 A 200 CGI 7G-DCT,
863,Mercedes Benz,Clase A,HATCHBACK,1.6 A 200,
864,Mercedes Benz,Clase A,HATCHBACK,1.6 A 200 SPORT,
865,Mercedes Benz,Clase A,HATCHBACK,1.6 A 200 STYLE,
866,Mercedes Benz,Clase A,HATCHBACK,1.6 A 200 URBAN,
867,Mercedes Benz,Clase A,HATCHBACK,1.6 A 200 SPORT DCT,
868,Mercedes Benz,Clase A,HATCHBACK,1.6 A 200 STYLE DCT,
869,Mercedes Benz,Clase A,HATCHBACK,1.6 A 200 URBAN DCT,
870,Mercedes Benz,Clase A,HATCHBACK,1.3 A 200 STYLE DCT,
871,Mercedes Benz,Clase A,SEDAN,1.3 A 200 PROGRESSIVE DCT,
872,Mercedes Benz,Clase A,SEDAN,1.3 A 200 SPORT DCT,
873,Mercedes Benz,Clase A,SEDAN,2.0 MERCEDES-AMG A 35 DCT 4MATIC,
874,Mercedes Benz,Clase B,MINIVAN,1.6 B 180 CGI EXCLUSIVE 7G-DCT,
875,Mercedes Benz,Clase C,SEDAN,1.8 C 180 CGI AT,
876,Mercedes Benz,Clase C,SEDAN,1.8 C 200 CGI SPORT AT,
877,Mercedes Benz,Clase C,SEDAN,1.8 C 200 EXCLUSIVE AT,
878,Mercedes Benz,Clase C,SEDAN,2.0 C 250 CGI SPORT AT,
879,Mercedes Benz,Clase C,SEDAN,1.6 C 180 CGI AT,
880,Mercedes Benz,Clase C,COUPE,1.6 C 180 AT,
881,Mercedes Benz,Clase C,COUPE,2.0 C 200 AT,
882,Mercedes Benz,Clase C,SEDAN,2.0 C 200 CGI EXCLUSIVE AT,
883,Mercedes Benz,Clase C,SEDAN,2.0 C 200 CGI SPORT AT,
884,Mercedes Benz,Clase C,COUPE,1.6 C 180 AUTO,
885,Mercedes Benz,Clase C,SEDAN,1.6 C 180 AUTO,
886,Mercedes Benz,Clase C,COUPE,2.0 C 200 AUTO,
887,Mercedes Benz,Clase C,SEDAN,2.0 C 200 EXCLUSIVE AUTO,
888,Mercedes Benz,Clase C,SEDAN,2.0 C 200 SPORT AUTO,
889,Mercedes Benz,Clase C,COUPE,2.0 C 250 AUTO,
890,Mercedes Benz,Clase C,SEDAN,2.0 C 250 SPORT AUTO,
891,Mercedes Benz,Clase C,COUPE,1.5 C 200 AUTO,
892,Mercedes Benz,Clase C,COUPE,2.0 C 300 AUTO,
893,Mercedes Benz,Clase C,SEDAN,2.0 C 200 AUTO,
894,Mercedes Benz,Clase CLA,COUPE,1.6 CLA 200 CGI SPORT AT,
895,Mercedes Benz,Clase CLA,COUPE,1.6 CLA 200 CGI AT,
896,Mercedes Benz,Clase CLA,COUPE,2.0 CLA 250 CGI SPORT AT,
897,Mercedes Benz,Clase CLA,COUPE,1.6 CLA 180 CGI AT,
898,Mercedes Benz,Clase CLA,COUPE,1.6 CLA 200 AT,
899,Mercedes Benz,Clase CLA,COUPE,1.6 CLA 200 SPORT AT,
900,Mercedes Benz,Clase CLA,COUPE,2.0 CLA 250 SPORT AT,
901,Mercedes Benz,Clase CLA,COUPE,1.6 CLA 200 SPORT DCT,
902,Mercedes Benz,Clase CLA,COUPE,2.0 CLA 250 SPORT DCT,
903,Mercedes Benz,Clase CLA,COUPE,1.6 CLA 200 DCT,
904,Mercedes Benz,Clase CLA,COUPE,2.0 MERCEDES-AMG CLA 45 DCT 4WD,
905,Mercedes Benz,Clase CLA,COUPE,1.3 CLA 200 PROGRESSIVE DCT,
906,Mercedes Benz,Clase E,SEDAN,3.5 E 350 CGI AVANTGARDE AT,
907,Mercedes Benz,Clase E,SEDAN,2.0 E 200 CGI EXCLUSIVE AT,
908,Mercedes Benz,Clase E,COUPE,2.0 250 AT,
909,Mercedes Benz,Clase E,SEDAN,2.0 E 250 CGI AVANTGARDE AT,
910,Mercedes Benz,Clase E,SEDAN,2.0 E 200 EXCLUSIVE AT,
911,Mercedes Benz,Clase E,COUPE,2.0 E 250 AT,
912,Mercedes Benz,Clase E,COUPE,2.0 E 300 AUTO,
913,Mercedes Benz,Clase E,SEDAN,3.0 MERCEDES-AMG E 43 AUTO 4WD,
914,Mercedes Benz,Clase GLA,SUV,1.6 GLA 200 CGI SPORT,
915,Mercedes Benz,Clase GLA,SUV,2.0 GLA 250 CGI SPORT S/TECH PAN,
916,Mercedes Benz,Clase GLA,SUV,1.6 GLA 180 CGI,
917,Mercedes Benz,Clase GLA,SUV,2.0 GLA 250 CGI SPORT,
918,Mercedes Benz,Clase GLA,SUV,1.6 GLA 180 DCT,
919,Mercedes Benz,Clase GLA,SUV,1.6 GLA 200 DCT,
920,Mercedes Benz,Clase GLA,SUV,1.6 GLA 200 SPORT DCT,
921,Mercedes Benz,Clase GLA,SUV,2.0 GLA 250 SPORT DCT,
922,Mercedes Benz,Clase GLB,SUV,2.0 250 PROGRESSIVE DCT 4MATIC,
923,Mercedes Benz,Clase GLC,SUV,2.0 GLC 300 COUPE SPORT AUTO 4WD,
924,Mercedes Benz,Clase GLC,SUV,2.0 GLC 300 OFF-ROAD AUTO 4WD,
925,Mercedes Benz,Clase GLC,SUV,2.0 GLC 300 SPORT AUTO 4WD,
926,Mercedes Benz,Clase GLC,SUV,2.0 GLC 300 COUPE AVANTGARDE AUTO 4WD,
927,Mercedes Benz,Clase GLE,SUV,3.0 GLE 400 SPORT 4WD AT,
928,Mercedes Benz,Clase GLE,SUV,3.5 GLE 350 EXCLUSIVE AUTO,
929,Mercedes Benz,Clase GLE,SUV,4.7 GLE 500 AUTO 4WD,
930,Mercedes Benz,Clase GLE,SUV,3.0 GLE 400 SPORT AUTO 4WD,
931,Mercedes Benz,Clase GLK,SUV,3.0 GLK 300 SPORT 4X4 AT,
932,Mercedes Benz,Clase GLK,SUV,3.5 GLK 300 CGI OFF ROAD 4WD AT,
933,Mercedes Benz,Clase M,SUV,5.5 ML 63 AMG BITURBO 4WD AT,
934,Mercedes Benz,Clase M,SUV,3.0 ML 400 CGI SPORT AMG,
935,Mercedes Benz,Clase M,SUV,3.5 ML 350 CGI SPORT AMG AT,
936,Mercedes Benz,Clase M,SUV,4.7 ML 500 CGI BITURBO 4WD AT,
937,Mercedes Benz,Clase SLK,CONVERTIBLE,1.8 SLK 200 CGI AT,
938,Mg,GT,SEDAN,1.5 ALPHA DCT,
939,Mg,GT,SEDAN,1.5 EXCITE DCT,
940,Mg,GT,SEDAN,1.5 STYLE DCT,
941,Mg,Hs,SUV,2.0 TROPHY DCT AWD,
942,Mg,Hs,SUV,1.5 EXCITE DCT,
943,Mg,MG3,HATCHBACK,1.5 COOL,
944,Mg,MG3,HATCHBACK,1.5 EXCITE CVT,
945,Mg,MG3,HATCHBACK,1.5 HEV ELEGANCE AUTO,
946,Mg,MG5,SEDAN,1.5 ELEGANCE,
947,Mg,MG5,SEDAN,1.5 ELEGANCE CVT,
948,Mg,MG5,SEDAN,1.5 EXCITE,
949,Mg,MG5,SEDAN,1.5 EXCITE CVT,
950,Mg,MG5,SEDAN,1.5 STYLE,
951,Mg,One,SUV,1.5 EXCITE CVT,
952,Mg,RX5,SUV,1.5 ELEGANCE DCT,
953,Mg,RX8,SUV,2.0 ELEGANCE AUTO 4WD,
954,Mg,Zs,SUV,1.5 EXCITE,
955,Mg,Zs,SUV,1.5 STYLE,
956,Mg,Zs,SUV,1.5 EXCITE AUTO,
957,Mg,Zs,SUV,1.5 ELEGANCE CVT,
958,Mg,Zs,SUV,1.5 EXCITE CVT,
959,Mini,Clubman,WAGON,2.0 COOPER S CLUBMAN HOT CHILI AUTO,
960,Mini,Cooper,HATCHBACK,1.6 COOPER ALL BLACK,
961,Mini,Cooper,HATCHBACK,1.6 COOPER CLASSIC AT,
962,Mini,Cooper,HATCHBACK,1.6 COOPER SALT AT,
963,Mini,Cooper,HATCHBACK,1.5 COOPER CHILI,
964,Mini,Cooper,HATCHBACK,1.5 COOPER CHILI AT,
965,Mini,Cooper,HATCHBACK,1.5 COOPER SALT,
966,Mini,Cooper,HATCHBACK,1.5 COOPER SALT AT,
967,Mini,Cooper,CONVERTIBLE,1.5 COOPER CONVERTIBLE PEPPER AT,
968,Mini,Cooper,HATCHBACK,1.5 COOPER PEPPER AT,
969,Mini,Cooper,HATCHBACK,1.5 COOPER CHILI AUTO,
970,Mini,Cooper,HATCHBACK,1.5 COOPER SALT AUTO,
971,Mini,Cooper,HATCHBACK,1.5 COOPER CHILI DCT,
972,Mini,Cooper,HATCHBACK,1.5 COOPER PEPPER,
973,Mini,Cooper,HATCHBACK,1.5 COOPER PEPPER DCT,
974,Mini,Cooper,HATCHBACK,1.5 COOPER SALT DCT,
975,Mini,Cooper,HATCHBACK,1.5 COOPER CLASSIC DCT,
976,Mini,Cooper,HATCHBACK,BEV 33KWH COOPER SE CLASSIC AUTO,
977,Mini,Cooper S,HATCHBACK,1.6 COOPER S HOT CHILI AT,
978,Mini,Cooper S,HATCHBACK,2.0 COOPER S CHILI AT,
979,Mini,Cooper S,HATCHBACK,2.0 COOPER S HOT CHILI AT,
980,Mini,Cooper S,HATCHBACK,2.0 COOPER S SALT AT,
981,Mini,Cooper S,CONVERTIBLE,2.0 COOPER S CONVERTIBLE HOT CHILI AUTO,
982,Mini,Cooper S,HATCHBACK,2.0 COOPER S HOT CHILI AUTO,
983,Mini,Cooper S,HATCHBACK,2.0 COOPER S SALT AUTO,
984,Mini,Cooper S,HATCHBACK,2.0 COOPER S CHILI DCT,
985,Mini,Cooper S,HATCHBACK,2.0 COOPER S HOT CHILI DCT,
986,Mini,Cooper S,HATCHBACK,2.0 COOPER S SALT,
987,Mini,Cooper S,HATCHBACK,2.0 COOPER S SALT DCT,
988,Mini,Cooper S,HATCHBACK,2.0 COOPER S CLASSIC DCT,
989,Mini,Cooper S,HATCHBACK,2.0 COOPER S RESOLUTE DCT,
990,Mini,Countryman,HATCHBACK,1.6 COOPER S SALT AT,
991,Mini,Countryman,HATCHBACK,1.6 COOPER S CHILI LCI AT,
992,Mini,Countryman,HATCHBACK,2.0 COOPER S CHILI AUTO,
993,Mini,Countryman,HATCHBACK,2.0 COOPER S SPORT AUTO,
994,Mini,Countryman,HATCHBACK,1.5 COOPER PHEV ALL4 AUTO 4WD,
995,Mini,Countryman,HATCHBACK,1.5 COOPER SE PHEV ALL4 AUTO 4WD,
996,Mini,John Cooper Works,HATCHBACK,2.0 JOHN COOPER WORKS HOT CHILI AUTO,
997,Mini,John Cooper Works,CONVERTIBLE,2.0 JOHN COOPER WORKS HOT CHILI AUTO,
998,Mini,John Cooper Works,CONVERTIBLE,2.0 COOPER ICONIC AUTO,
999,Mini,John Cooper Works,WAGON,2.0 CLUBMAN ICONIC 4WD AUTO,
1000,Mitsubishi,Eclipse Cross,SUV,1.5 GLS CVT,
1001,Mitsubishi,L200,PICKUP,2.5 GLS DIESEL 4WD,
1002,Mitsubishi,L200,PICKUP,2.4 GLX GASOLINA,
1003,Mitsubishi,L200,PICKUP,2.4 LIMITED DIESEL AUTO 4WD,
1004,Mitsubishi,Mirage,HATCHBACK,1.2 GLS CVT,
1005,Mitsubishi,Mirage,HATCHBACK,1.2 GLX CVT,
1006,Mitsubishi,Mirage,HATCHBACK,1.2 GLX MT,
1007,Mitsubishi,Mirage,HATCHBACK,1.2 GLS MT,
1008,Mitsubishi,Mirage,SEDAN,1.2 GLS CVT,
1009,Mitsubishi,Mirage,HATCHBACK,1.2 GLX,
1010,Mitsubishi,Mirage,SEDAN,1.2 GLX,
1011,Mitsubishi,Montero,SUV,3.0 ADVANCE AUTO 4WD,
1012,Mitsubishi,Montero,SUV,3.0 SE PLUS AUTO 4WD,
1013,Mitsubishi,Outlander,SUV,2.4 LIMITED AUTO,
1014,Mitsubishi,Outlander,SUV,2.4 SE CVT,
1015,Mitsubishi,Outlander,SUV,2.0 PHEV SE AUTO 4WD,
1016,Mitsubishi,Outlander,SUV,2.4 LIMITED CVT,
1017,Mitsubishi,Xpander,MINIVAN,1.5 GLS AUTO,
1018,Nissan,370Z,COUPE,3.7 TOURING AT,
1019,Nissan,Altima,SEDAN,2.5 ADVANCE CVT,
1020,Nissan,Altima,SEDAN,2.5 SENSE CVT,
1021,Nissan,Altima,SEDAN,2.5 ADVANCE NAVI CVT,
1022,Nissan,Altima,SEDAN,2.5 ADVANCE NAVI AUTO,
1023,Nissan,Armada,SUV,5.6 EXCLUSIVE AT 4WD,
1024,Nissan,Frontier,PICKUP,4.0 CREW CAB PRO 4X AT,
1025,Nissan,Frontier,PICKUP,2.5 LE AUTO,
1026,Nissan,Frontier,PICKUP,2.5 PRO-4X AUTO 4WD,
1027,Nissan,Frontier,PICKUP,2.5 PLATINUM LE AUTO,
1028,Nissan,Juke,SUV,1.6 ADVANCE CVT,
1029,Nissan,Juke,SUV,1.6 EXCLUSIVE CVT,
1030,Nissan,Kicks,SUV,1.6 ADVANCE LTS CVT A/C,
1031,Nissan,Kicks,SUV,1.6 EXCLUSIVE LTS CVT A/C,
1032,Nissan,Kicks,SUV,1.6 SENSE LTS T/M A/C,
1033,Nissan,Kicks,SUV,1.6 ADVANCE LTS CVT,
1034,Nissan,Kicks,SUV,1.6 EXCLUSIVE BI-TONO LTS CVT,
1035,Nissan,Kicks,SUV,1.6 EXCLUSIVE LTS CVT,
1036,Nissan,Kicks,SUV,1.6 SENSE LTS,
1037,Nissan,Kicks,SUV,1.6 ADVANCE LTS XTRONIC,
1038,Nissan,Kicks,SUV,1.6 EXCLUSIVE LTS XTRONIC,
1039,Nissan,Kicks,SUV,1.6 PLATINUM BI-TONO LTS XTRONIC,
1040,Nissan,Kicks,SUV,1.2 HEV ADVANCE E-POWER,
1041,Nissan,Kicks,SUV,1.2 HEV EXCLUSIVE E-POWER,
1042,Nissan,Kicks,SUV,1.6 PLATINUM LTS XTRONIC,
1043,Nissan,Leaf,HATCHBACK,30KW ELECTRICO,
1044,Nissan,March,HATCHBACK,1.6 ADVANCE NAVI AT,
1045,Nissan,March,HATCHBACK,1.6 SENSE AT,
1046,Nissan,March,HATCHBACK,1.6 ADVANCE AT,
1047,Nissan,March,HATCHBACK,1.6 MARCH SR NAVI MT,
1048,Nissan,March,HATCHBACK,1.6 ADVANCE MT,
1049,Nissan,March,HATCHBACK,1.6 SENSE MT,
1050,Nissan,March,HATCHBACK,1.6 ADVANCE,
1051,Nissan,March,HATCHBACK,1.6 ADVANCE AUTO,
1052,Nissan,March,HATCHBACK,1.6 ADVANCE DUO AUTO,
1053,Nissan,March,HATCHBACK,1.6 ADVANCE NAVI AUTO,
1054,Nissan,March,HATCHBACK,1.6 MARCH SR NAVI,
1055,Nissan,March,HATCHBACK,1.6 SENSE,
1056,Nissan,March,HATCHBACK,1.6 SENSE AUTO,
1057,Nissan,March,HATCHBACK,1.6 EXCLUSIVE BI-TONO AUTO,
1058,Nissan,March,HATCHBACK,1.6 ACTIVE,
1059,Nissan,March,HATCHBACK,1.6 EXCLUSIVE,
1060,Nissan,Maxima,SEDAN,3.5 EXCLUSIVE CVT,
1061,Nissan,Maxima,SEDAN,3.5 SR CVT,
1062,Nissan,Note,HATCHBACK,1.6 SENSE MT,
1063,Nissan,NP300,PICKUP,2.5 LE TM AC,
1064,Nissan,NP300,PICKUP,2.5 DOBLE CABINA S TM AC PAQ. SEG.,
1065,Nissan,NP300,PICKUP,2.5 DOBLE CABINA SE TM AC PAQ SEG,
1066,Nissan,NP300,PICKUP,2.5 PLATINUM LE TM AC,
1067,Nissan,NP300,PICKUP,2.5 CHASIS CABINA DH AC PAQ. SEG,
1068,Nissan,NP300,PICKUP,2.5 DOBLE CABINA S AC PAQ. SEG.,
1069,Nissan,NP300,PICKUP,2.5 DOBLE CABINA SE AC PAQ SEG,
1070,Nissan,NP300,PICKUP,2.5 ESTACAS DH AC PAQ. SEG.,
1071,Nissan,NP300,PICKUP,2.5 PICK UP DH AC PAQ. SEG.,
1072,Nissan,NP300,PICKUP,2.5 PLATINUM LE AC,
1073,Nissan,NP300,PICKUP,2.5 XE AC PAQ SEG,
1074,Nissan,NV350 Urvan,VAN,2.5 12 PASAJEROS A/A PAQ SEG/TPMS,
1075,Nissan,Pathfinder,SUV,3.5 SENSE AT,
1076,Nissan,Pathfinder,SUV,3.5 EXCLUSIVE AT,
1077,Nissan,Pathfinder,SUV,3.5 ADVANCE AT,
1078,Nissan,Pathfinder,SUV,3.5 EXCLUSIVE AUTO,
1079,Nissan,Pathfinder,SUV,3.5 SENSE AUTO,
1080,Nissan,Pathfinder,SUV,3.5 EXCLUSIVE AUTO 4WD,
1081,Nissan,Rogue,SUV,2.5 SENSE CVT,
1082,Nissan,Rogue,SUV,2.5 EXCLUSIVE CVT 4WD,
1083,Nissan,Sentra,SEDAN,1.8 SENSE CVT,
1084,Nissan,Sentra,SEDAN,1.8 EXCLUSIVE NAVI CVT,
1085,Nissan,Sentra,SEDAN,1.8 ADVANCE CVT,
1086,Nissan,Sentra,SEDAN,1.8 ADVANCE MT,
1087,Nissan,Sentra,SEDAN,1.8 SR CVT,
1088,Nissan,Sentra,SEDAN,1.8 SENSE MT,
1089,Nissan,Sentra,SEDAN,1.8 ADVANCE,
1090,Nissan,Sentra,SEDAN,1.8 ADVANCE AUTO,
1091,Nissan,Sentra,SEDAN,1.8 EXCLUSIVE NAVI AUTO,
1092,Nissan,Sentra,SEDAN,1.8 SENSE,
1093,Nissan,Sentra,SEDAN,1.8 SENSE AUTO,
1094,Nissan,Sentra,SEDAN,1.6 NISMO,
1095,Nissan,Sentra,SEDAN,1.8 EXCLUSIVE AUTO,
1096,Nissan,Sentra,SEDAN,2.0 ADVANCE AUTO,
1097,Nissan,Sentra,SEDAN,2.0 EXCLUSIVE AUTO,
1098,Nissan,Sentra,SEDAN,2.0 EXCLUSIVE BITONO AUTO,
1099,Nissan,Sentra,SEDAN,2.0 SR BITONO AUTO,
1100,Nissan,Sentra,SEDAN,2.0 ADVANCE CVT,
1101,Nissan,Sentra,SEDAN,2.0 SR BITONO CVT,
1102,Nissan,Sentra,SEDAN,2.0 ADVANCE,
1103,Nissan,Sentra,SEDAN,2.0 SR CVT,
1104,Nissan,Sentra,SEDAN,2.0 SENSE,
1105,Nissan,Sentra,SEDAN,2.0 SENSE CVT,
1106,Nissan,Sentra,SEDAN,2.0 SR PLATINUM CVT,
1107,Nissan,Tiida,SEDAN,1.6 DRIVE MT AC,
1108,Nissan,Tiida,SEDAN,1.8 SENSE MT,
1109,Nissan,Tiida,SEDAN,1.8 ADVANCE AUTO,
1110,Nissan,V-Drive,SEDAN,1.6 V-DRIVE A/C,
1111,Nissan,V-Drive,SEDAN,1.6 V-DRIVE A/C AUDIO,
1112,Nissan,Versa,SEDAN,1.6 ADVANCE TA AC,
1113,Nissan,Versa,SEDAN,1.6 ADVANCE TM AC,
1114,Nissan,Versa,SEDAN,1.6 EXCLUSIVE TA AC,
1115,Nissan,Versa,SEDAN,1.6 ADVANCE,
1116,Nissan,Versa,SEDAN,1.6 ADVANCE AUTO,
1117,Nissan,Versa,SEDAN,1.6 DRIVE,
1118,Nissan,Versa,SEDAN,1.6 EXCLUSIVE AUTO,
1119,Nissan,Versa,SEDAN,1.6 SENSE,
1120,Nissan,Versa,SEDAN,1.6 SENSE AUTO,
1121,Nissan,Versa,SEDAN,1.6 ADVANCE CVT,
1122,Nissan,Versa,SEDAN,1.6 EXCLUSIVE CVT,
1123,Nissan,Versa,SEDAN,1.6 SENSE CVT,
1124,Nissan,Versa,SEDAN,1.6 PLATINUM CVT,
1125,Nissan,X-Trail,SUV,2.5 ADVANCE 3 ROW CVT,
1126,Nissan,X-Trail,SUV,2.5 EXCLUSIVE 2 ROW CVT,
1127,Nissan,X-Trail,SUV,2.5 SENSE 2 ROW CVT,
1128,Nissan,X-Trail,SUV,2.5 ADVANCE 2 ROW AUTO,
1129,Nissan,X-Trail,SUV,2.5 ADVANCE 3 ROW AUTO,
1130,Nissan,X-Trail,SUV,2.5 EXCLUSIVE 2 ROW AUTO,
1131,Nissan,X-Trail,SUV,2.5 SENSE 3 ROW CVT,
1132,Nissan,X-Trail,SUV,2.5 EXCLUSIVE 3 ROW AUTO 4WD,
1133,Nissan,X-Trail,SUV,2.5 SENSE 2 ROW AUTO,
1134,Nissan,X-Trail,SUV,2.5 SENSE 3 ROW AUTO,
1135,Nissan,X-Trail,SUV,2.0 HYBRID CVT,
1136,Nissan,X-Trail,SUV,2.5 ADVANCE 2 ROW CVT,
1137,Nissan,X-Trail,SUV,1.5 HEV E-POWER EXCLUSIVE,
1138,Nissan,X-Trail,SUV,2.5 PLATINUM 3 ROW CVT,
1139,Nissan,X-Trail,SUV,2.5 PLATINUM PLUS 2 ROW CVT,
1140,Nissan,X-Trail,SUV,1.5 HEV E-POWER PLATINUM,
1141,Peugeot,208,HATCHBACK,1.6 FELINE AT,
1142,Peugeot,208,HATCHBACK,1.6 ALLURE PACK AUTO FL,
1143,Peugeot,208,HATCHBACK,1.6 ALLURE PACK FL,
1144,Peugeot,208,HATCHBACK,1.2 ALLURE PURETECH,
1145,Peugeot,208,HATCHBACK,1.2 PURETECH ALLURE AUTO,
1146,Peugeot,301,SEDAN,1.6 ACTIVE HDI MT,
1147,Peugeot,301,SEDAN,1.6 ALLURE AT 6VEL,
1148,Peugeot,301,SEDAN,1.6 ACTIVE,
1149,Peugeot,308,HATCHBACK,1.6 GT,
1150,Peugeot,2008,SUV,1.6 VTI 120 FÉLINE,
1151,Peugeot,2008,SUV,1.2 ALLURE PACK,
1152,Peugeot,2008,SUV,1.2 ALLURE PACK AUTO,
1153,Peugeot,2008,SUV,1.2 ACTIVE AUTO,
1154,Peugeot,2008,SUV,1.2 GT LINE AUTO,
1155,Peugeot,2008,SUV,1.2 GT AUTO ADAS,
1156,Peugeot,3008,SUV,1.6 ALLURE TURBO TIPTRONIC,
1157,Peugeot,3008,SUV,1.6 FELINE TIPTRONIC,
1158,Peugeot,3008,SUV,1.6 THP ALLURE PACK AUTO,
1159,Peugeot,3008,SUV,2.0 HDI ALLURE PACK AUTO,
1160,Peugeot,3008,SUV,1.6 THP GT LINE AUTO,
1161,Peugeot,3008,SUV,2.0 HDI GT AUTO SC,
1162,Peugeot,3008,SUV,1.6 THP ALLURE PACK AUTO SCC,
1163,Peugeot,3008,SUV,1.6 THP GT AUTO SCC,
1164,Peugeot,3008,SUV,2.0 HDI GT AUTO SCC,
1165,Peugeot,3008,SUV,1.6 THP ACTIVE AUTO,
1166,Peugeot,3008,SUV,1.6 THP GT AUTO,
1167,Peugeot,5008,SUV,2.0 HDI GT LINE AUTO,
1168,Peugeot,5008,SUV,1.6 THP ALLURE PACK AUTO SCC,
1169,Peugeot,Landtrek,PICKUP,2.4 4ACTION AUTO 4WD,
1170,Peugeot,Partner,VAN,1.6 HDI MAXI DIESEL 5P MT,
1171,Peugeot,Partner Tepee,MINIVAN,1.6 HDI TURBO TEPEE 7P,
1172,Peugeot,Rifter,MINIVAN,1.2 PURETECH ALLURE PACK AUTO,
1173,Peugeot,Rifter,MINIVAN,1.2 PURETECH GT AUTO,
1174,Porsche,Cayenne,SUV,3.6 S,
1175,Porsche,Cayenne,SUV,2.9 S AUTO 4WD,
1176,Porsche,Macan,SUV,3.0 V6 S,
1177,Porsche,Macan,SUV,3.0 S,
1178,Ram,Promaster Rapid,VAN,1.4 TM,
1179,Ram,Promaster Rapid,VAN,1.4 AA,
1180,Ram,Ram 1500,PICKUP,3.6 ST REG CAB 4X2 V6 8 AUTO,
1181,Ram,Ram 1500,PICKUP,5.7 CREW CAB SLT TRABAJO 4X2 V8 6AT,
1182,Ram,Ram 1500,PICKUP,5.7 MHEV LARAMIE SPORT CC AUTO 4WD,
1183,Ram,Ram 2500,PICKUP,5.7 2500 CREW CAB LARAMIE 4WD,
1184,Ram,Ram 2500,PICKUP,5.7 HEMI SPORT CREW CAB 4X4 V8 6AT,
1185,Ram,Ram 2500,PICKUP,5.7 LARAMIE CREW CAB 4X4 V8 8AT,
1186,Ram,Ram 2500,PICKUP,5.7 CREW CAB SLT TRABAJO 4X4 V8 6AT,
1187,Ram,Ram 2500,PICKUP,6.4 HD BIGHORN CREW CAB 4WD V8 AUTO,
1188,Ram,Ram 700,PICKUP,1.6 CLUB CAB ADVENTURE TOUCH SCREEN 6.7,
1189,Ram,Ram 700,PICKUP,1.3 BIGHORN CREW CAB,
1190,Ram,Ram 700,PICKUP,1.3 LARAMIE CREW CAB,
1191,Ram,Ram 700,PICKUP,1.3 LONGHORN CVT,
1192,Renault,Captur,HATCHBACK,2.0 ICONIC AUTO,
1193,Renault,Captur,HATCHBACK,2.0 INTENS,
1194,Renault,Captur,HATCHBACK,2.0 INTENS AUTO,
1195,Renault,Captur,HATCHBACK,2.0 BOSE DEH SMR AUTO,
1196,Renault,Captur,HATCHBACK,2.0 INTENS DEH,
1197,Renault,Captur,HATCHBACK,2.0 INTENS DEH AUTO,
1198,Renault,Captur,HATCHBACK,2.0 INTENS DEH M,
1199,Renault,Captur,HATCHBACK,2.0 INTENS DEH SMR M AUTO,
1200,Renault,Clio,HATCHBACK,1.6 RS,
1201,Renault,Duster,SUV,2.0 DYNAMIQUE AT,
1202,Renault,Duster,SUV,2.0 EXPRESSION AT,
1203,Renault,Duster,SUV,2.0 DYNAMIQUE MEDIA NAV AT,
1204,Renault,Duster,SUV,2.0 DYNAMIQUE PACK AT,
1205,Renault,Duster,SUV,2.0 DYNAMIQUE MEDIA NAV MT,
1206,Renault,Duster,SUV,2.0 EXPRESSION MT,
1207,Renault,Duster,SUV,2.0 DAKAR AT,
1208,Renault,Duster,SUV,2.0 INTENS,
1209,Renault,Duster,SUV,2.0 INTENS AUTO,
1210,Renault,Duster,SUV,2.0 ZEN,
1211,Renault,Duster,SUV,2.0 ZEN AUTO,
1212,Renault,Duster,SUV,2.0 INTENS DEH,
1213,Renault,Duster,SUV,2.0 INTENS DEH AUTO,
1214,Renault,Duster,SUV,2.0 ZEN DEH AUTO,
1215,Renault,Duster,SUV,2.0 ZEN DEH,
1216,Renault,Duster,SUV,1.6 ICONIC,
1217,Renault,Duster,SUV,1.6 INTENS,
1218,Renault,Duster,SUV,1.3 ICONIC CVT,
1219,Renault,Fluence,SEDAN,2.0 DYNAMIQUE AT,
1220,Renault,Fluence,SEDAN,2.0 PRIVILEGE AT,
1221,Renault,Kangoo,VAN,1.6 INTENS,
1222,Renault,Koleos,SUV,2.5 PRIVILEGE CVT,
1223,Renault,Koleos,SUV,2.5 BOSE CVT,
1224,Renault,Koleos,SUV,2.5 ICONIC CVT,
1225,Renault,Koleos,SUV,2.5 INTENS CVT,
1226,Renault,Koleos,SUV,2.5 MINUIT CVT,
1227,Renault,Kwid,HATCHBACK,1.0 ICONIC,
1228,Renault,Kwid,HATCHBACK,1.0 BITONO,
1229,Renault,Kwid,HATCHBACK,1.0 INTENS,
1230,Renault,Kwid,HATCHBACK,1.0 OUTSIDER,
1231,Renault,Logan,SEDAN,1.6 LIFE,
1232,Renault,Logan,SEDAN,1.6 INTENS CVT,
1233,Renault,Oroch,PICKUP,2.0 OUTSIDER AUTO,
1234,Renault,Oroch,PICKUP,2.0 OUTSIDER SMR AUTO,
1235,Renault,Sandero,HATCHBACK,1.6 DYNAMIQUE AT,
1236,Renault,Sandero,HATCHBACK,1.6 EXPRESSION AT,
1237,Renault,Sandero,HATCHBACK,1.6 INTENS AUTO,
1238,Renault,Sandero,HATCHBACK,1.6 ZEN,
1239,Renault,Stepway,HATCHBACK,1.6 DYNAMIQUE MEDIA NAV MT,
1240,Renault,Stepway,HATCHBACK,1.6 INTENS MT,
1241,Renault,Stepway,HATCHBACK,1.6 ZEN MT,
1242,Renault,Stepway,HATCHBACK,1.6 INTENS CVT,
1243,Seat,Arona,SUV,1.6 STYLE AUTO,
1244,Seat,Arona,SUV,1.6 XCELLENCE AUTO,
1245,Seat,Arona,SUV,1.6 REFERENCE AUTO,
1246,Seat,Arona,SUV,1.6 XPERIENCE AUTO,
1247,Seat,Ateca,SUV,1.4 XCELLENCE 150HP DSG,
1248,Seat,Ateca,SUV,1.4 FR DCT,
1249,Seat,Ateca,SUV,1.4 FR AUTO,
1250,Seat,Ateca,SUV,1.4 XPERIENCE AUTO,
1251,Seat,Ibiza,HATCHBACK,2.0 REFERENCE 4 PTAS MT,
1252,Seat,Ibiza,HATCHBACK,1.6 STYLE 4 PTAS DSG,
1253,Seat,Ibiza,HATCHBACK,1.2 SC FR MT,
1254,Seat,Ibiza,HATCHBACK,1.6 BLITZ MT,
1255,Seat,Ibiza,HATCHBACK,1.6 SC BLITZ MT,
1256,Seat,Ibiza,HATCHBACK,1.6 SC STYLE TIPTRONIC FULL LINK,
1257,Seat,Ibiza,HATCHBACK,1.6 REFERENCE MT,
1258,Seat,Ibiza,HATCHBACK,1.6 REFERENCE TIPTRONIC,
1259,Seat,Ibiza,HATCHBACK,1.6 STYLE TIPTRONIC,
1260,Seat,Ibiza,HATCHBACK,1.6 STYLE TIPTRONIC FULL LINK,
1261,Seat,Ibiza,HATCHBACK,1.6 FR,
1262,Seat,Ibiza,HATCHBACK,1.6 REFERENCE,
1263,Seat,Ibiza,HATCHBACK,1.6 STYLE URBAN PLUS,
1264,Seat,Ibiza,HATCHBACK,1.6 STYLE URBAN PLUS AUTO,
1265,Seat,Ibiza,HATCHBACK,1.0 FR,
1266,Seat,Ibiza,HATCHBACK,1.6 REFERENCE AUTO,
1267,Seat,Ibiza,HATCHBACK,1.6 XCELLENCE,
1268,Seat,Ibiza,HATCHBACK,1.6 XCELLENCE AUTO,
1269,Seat,Ibiza,HATCHBACK,1.6 STYLE,
1270,Seat,Ibiza,HATCHBACK,1.6 STYLE AUTO,
1271,Seat,Leon,HATCHBACK,1.4 FR DSG,
1272,Seat,Leon,HATCHBACK,1.4 SC FR DSG,
1273,Seat,Leon,WAGON,1.4 ST,
1274,Seat,Leon,HATCHBACK,1.4 STYLE 150HP DSG,
1275,Seat,Leon,HATCHBACK,1.8 SC FR DSG 180HP,
1276,Seat,Leon,HATCHBACK,2.0 CUPRA DSG,
1277,Seat,Leon,HATCHBACK,1.4 FR,
1278,Seat,Leon,HATCHBACK,1.4 SC FR DCT,
1279,Seat,Leon,HATCHBACK,2.0 CUPRA DCT,
1280,Seat,Leon,HATCHBACK,1.4 STYLE 125HP,
1281,Seat,Leon,HATCHBACK,1.4 STYLE 150HP DCT,
1282,Seat,Leon,HATCHBACK,1.4 FR AUTO,
1283,Seat,Tarraco,SUV,1.4 TSI XCELLENCE,
1284,Seat,Tarraco,SUV,1.4 TSI FR DCT,
1285,Seat,Toledo,SEDAN,1.6 REFERENCE MT,
1286,Seat,Toledo,SEDAN,1.2 STYLE MT,
1287,Seat,Toledo,SEDAN,1.2 STYLE MT CONNECT,
1288,Seat,Toledo,SEDAN,1.6 REFERENCE TIPTRONIC,
1289,Seat,Toledo,SEDAN,1.0 FR LINE,
1290,Seat,Toledo,SEDAN,1.4 STYLE DCT,
1291,Seat,Toledo,SEDAN,1.0 STYLE,
1292,Smart,Forfour,HATCHBACK,0.9 PASSION TURBO,
1293,Smart,Fortwo,COUPE,1.0 COUPE MHD BLACK AND WHITE,
1294,Smart,Fortwo,HATCHBACK,0.9 PASSION TURBO,
1295,Subaru,Forester,SUV,2.5 AWD XS,
1296,Subaru,Forester,SUV,2.5 PREMIUM CVT 4WD,
1297,Subaru,Impreza,SEDAN,2.0 I SPORT CVT,
1298,Subaru,Outback,WAGON,2.4 TOURING CVT AWD EYESIGHT,
1299,Subaru,WRX,SEDAN,2.4 LIMITED CVT AWD EYESIGHT,
1300,Suzuki,Baleno,HATCHBACK,1.5 GLX AUTO,
1301,Suzuki,Ertiga,MINIVAN,1.5 GLX AUTO,
1302,Suzuki,Ertiga XL7,SUV,1.5 GLX AUTO,
1303,Suzuki,Ignis,HATCHBACK,1.2 GLX CVT,
1304,Suzuki,Ignis,HATCHBACK,1.2 GLX,
1305,Suzuki,Ignis,HATCHBACK,1.2 GLX AUTO,
1306,Suzuki,Ignis,HATCHBACK,1.2 GL CVT,
1307,Suzuki,Ignis,HATCHBACK,1.2 GL,
1308,Suzuki,Ignis,HATCHBACK,1.2 GLS PLUS CVT,
1309,Suzuki,Jimny,SUV,1.5 GLX AUTO 4WD,
1310,Suzuki,Jimny,SUV,1.5 GLX AUTO 4WD VERDE OBSESION,
1311,Suzuki,Kizashi,SEDAN,2.4 GLS CVT,
1312,Suzuki,S-Cross,SUV,1.6 GL CVT,
1313,Suzuki,S-Cross,SUV,1.6 GLX CVT,
1314,Suzuki,S-Cross,SUV,1.4 BOOSTERJET AUTO,
1315,Suzuki,S-Cross,SUV,1.6 GLX AUTO,
1316,Suzuki,Swift,HATCHBACK,1.4 GLX MT,
1317,Suzuki,Swift,HATCHBACK,1.4 GA MT,
1318,Suzuki,Swift,HATCHBACK,1.4 GLS MT,
1319,Suzuki,Swift,HATCHBACK,1.4 SPECIAL EDITION AT,
1320,Suzuki,Swift,HATCHBACK,1.6 SPORT,
1321,Suzuki,Swift,HATCHBACK,1.0 BOOSTERJET AUTO,
1322,Suzuki,Swift,HATCHBACK,1.2 GLS,
1323,Suzuki,Swift,HATCHBACK,1.2 GLX AUTO,
1324,Suzuki,Swift,HATCHBACK,1.0 BOOSTERJET,
1325,Suzuki,Swift,HATCHBACK,1.2 GLS CVT,
1326,Suzuki,Swift,HATCHBACK,1.2 GLX,
1327,Suzuki,Swift,HATCHBACK,1.2 GLX CVT,
1328,Suzuki,Swift,HATCHBACK,1.2 MHEV BOOSTERGREEN,
1329,Suzuki,Swift,HATCHBACK,1.2 MHEV BOOSTERGREEN GLX,
1330,Suzuki,Vitara,SUV,1.6 GLS MT,
1331,Suzuki,Vitara,SUV,1.6 GLX AT,
1332,Suzuki,Vitara,SUV,1.6 GLX AUTO,
1333,Suzuki,Vitara,SUV,1.6 GLS AUTO,
1334,Suzuki,Vitara,SUV,1.6 GLS,
1335,Tesla,Model 3,SEDAN,LONG RANGE 4WD,
1336,Tesla,Model 3,SEDAN,PERFORMANCE 4WD,
1337,Tesla,Model 3,SEDAN,BEV 75KWH LONG RANGE AUTO 4WD,
1338,Toyota,Avanza,MINIVAN,1.5 PREMIUM AT,
1339,Toyota,Avanza,MINIVAN,1.5 XLE AT,
1340,Toyota,Avanza,MINIVAN,1.5 LE AT,
1341,Toyota,Avanza,MINIVAN,1.5 LE MT,
1342,Toyota,Avanza,MINIVAN,1.5 LE AUTO,
1343,Toyota,C-HR,SUV,2.0 AUTO,
1344,Toyota,Camry,SEDAN,3.5 XLE V6 6AT,
1345,Toyota,Camry,SEDAN,2.5 LE 6AT,
1346,Toyota,Camry,SEDAN,2.5 XLE L4 6AT,
1347,Toyota,Camry,SEDAN,2.5 XLE L4 AT,
1348,Toyota,Camry,SEDAN,2.5 LE AUTO,
1349,Toyota,Camry,SEDAN,2.5 XLE AUTO,
1350,Toyota,Camry,SEDAN,2.5 XLE NAVI HV AUTO,
1351,Toyota,Camry,SEDAN,2.5 SE AUTO,
1352,Toyota,Camry,SEDAN,2.5 HEV XLE AUTO,
1353,Toyota,Corolla,SEDAN,1.8 LE AT,
1354,Toyota,Corolla,SEDAN,1.8 BASE CVT,
1355,Toyota,Corolla,SEDAN,1.8 LE CVT,
1356,Toyota,Corolla,SEDAN,1.8 S PLUS CVT,
1357,Toyota,Corolla,SEDAN,1.8 SE CVT,
1358,Toyota,Corolla,SEDAN,1.8 BASE MT,
1359,Toyota,Corolla,SEDAN,1.8 BASE AUTO,
1360,Toyota,Corolla,SEDAN,1.8 LE AUTO,
1361,Toyota,Corolla,SEDAN,1.8 LE HYBRID AUTO,
1362,Toyota,Corolla,SEDAN,2.0 SE BITONO CVT,
1363,Toyota,Corolla,SEDAN,2.0 SE CVT,
1364,Toyota,Corolla,SEDAN,2.0 XLE CVT,
1365,Toyota,Corolla Cross,SUV,2.0 LE CVT,
1366,Toyota,Hiace,VAN,2.8 PANEL SUPERLARGA DIESEL,
1367,Toyota,Highlander,SUV,3.5 XLE,
1368,Toyota,Highlander,SUV,3.5 XLE AUTO,
1369,Toyota,Hilux,PICKUP,2.7 DOBLE CABINA SR (D-CAB MID),
1370,Toyota,Hilux,PICKUP,2.7 SR DOBLE CABINA,
1371,Toyota,Hilux,PICKUP,2.8 DIESEL 4WD DOBLE CABINA,
1372,Toyota,Hilux,PICKUP,2.7 CHASIS CABINA,
1373,Toyota,Prius,HATCHBACK,1.8 HYBRID PREMIUM SR,
1374,Toyota,Prius,HATCHBACK,1.8 HYBRID BASE AUTO,
1375,Toyota,Prius,HATCHBACK,1.8 HYBRID PREMIUM AUTO,
1376,Toyota,Prius,HATCHBACK,1.8 HEV BASE AUTO,
1377,Toyota,Prius,HATCHBACK,1.8 HEV PREMIUM AUTO,
1378,Toyota,Prius C,HATCHBACK,1.5 HYBRID AUTO,
1379,Toyota,Prius C,HATCHBACK,1.5 HEV AUTO,
1380,Toyota,RAIZE,SUV,1.0 XLE BITONO CVT,
1381,Toyota,RAIZE,SUV,1.0 XLE CVT,
1382,Toyota,RAV4,SUV,2.5 SPORT PIEL 4X2 AT,
1383,Toyota,RAV4,SUV,2.5 XLE AWD AT,
1384,Toyota,RAV4,SUV,2.5 ADVENTURE AWD AUTO,
1385,Toyota,RAV4,SUV,2.5 LE AUTO,
1386,Toyota,RAV4,SUV,2.5 LIMITED HYBRID AUTO,
1387,Toyota,RAV4,SUV,2.5 HEV LIMITED AUTO AWD,
1388,Toyota,RAV4,SUV,2.5 LIMITED AUTO AWD,
1389,Toyota,RAV4,SUV,2.5 XLE AUTO,
1390,Toyota,Sequoia,SUV,5.7 V8 PLATINUM,
1391,Toyota,Sequoia,SUV,5.7 V8 LIMITED,
1392,Toyota,Sienna,MINIVAN,3.5L LE AT,
1393,Toyota,Sienna,MINIVAN,3.5 LE AT,
1394,Toyota,Sienna,MINIVAN,3.5 XLE AT,
1395,Toyota,Sienna,MINIVAN,3.5 XLE PIEL AT,
1396,Toyota,Sienna,MINIVAN,3.5 LIMITED AT,
1397,Toyota,Sienna,MINIVAN,3.5 LIMITED AUTO,
1398,Toyota,Sienna,MINIVAN,3.5 XLE AUTO,
1399,Toyota,Tacoma,PICKUP,3.5 TRD SPORT AUTO,
1400,Toyota,Tacoma,PICKUP,3.5 SPORT AUTO,
1401,Toyota,Yaris,SEDAN,1.5 SEDAN PREMIUM AT,
1402,Toyota,Yaris,SEDAN,1.5 R XLE AT,
1403,Toyota,Yaris,HATCHBACK,1.5 S CVT 5PTAS,
1404,Toyota,Yaris,HATCHBACK,1.5 SE MT 5PTAS,
1405,Toyota,Yaris,SEDAN,1.5 SEDAN CORE CVT,
1406,Toyota,Yaris,SEDAN,1.5 SEDAN CORE AUTO,
1407,Toyota,Yaris,SEDAN,1.5 SEDAN S,
1408,Toyota,Yaris,SEDAN,1.5 CORE,
1409,Toyota,Yaris,SEDAN,1.5 S,
1410,Toyota,Yaris,SEDAN,1.5 S AUTO,
1411,Toyota,Yaris,HATCHBACK,1.5 S CVT,
1412,Toyota,Yaris,SEDAN,1.5 S CVT,
1413,Toyota,Yaris,HATCHBACK,1.5 CORE CVT,
1414,Toyota,Yaris,HATCHBACK,1.6 GR LAUNCH EDITION 4WD,
1415,Volkswagen,Beetle,HATCHBACK,2.5 SPORT TIPTRONIC,
1416,Volkswagen,Beetle,HATCHBACK,2.5 X-BOX TIPTRONIC,
1417,Volkswagen,Beetle,HATCHBACK,2.0 TURBO DSG,
1418,Volkswagen,Beetle,HATCHBACK,2.5 SPORT PAQUETE BASICO TIPTRONIC,
1419,Volkswagen,Beetle,HATCHBACK,2.5 ALLSTAR MT,
1420,Volkswagen,Beetle,HATCHBACK,2.5 SPORT MT,
1421,Volkswagen,Beetle,HATCHBACK,2.5 SPORTLINE TIPTRONIC,
1422,Volkswagen,Beetle,HATCHBACK,2.5 SPORTLINE MT,
1423,Volkswagen,Beetle,HATCHBACK,2.5 SOUND AUTO,
1424,Volkswagen,Caddy,VAN,1.6 CARGO MAXI,
1425,Volkswagen,CrossFox,HATCHBACK,1.6 CROSSFOX MT,
1426,Volkswagen,Gol,HATCHBACK,1.6 GL MT,
1427,Volkswagen,Gol,HATCHBACK,1.6 5 PTAS. CL A/A,
1428,Volkswagen,Gol,SEDAN,1.6 SEDAN CL A/C,
1429,Volkswagen,Gol,SEDAN,1.6 SEDAN TRENDLINE,
1430,Volkswagen,Gol,HATCHBACK,1.6 5 PTAS. TRENDLINE,
1431,Volkswagen,Golf,HATCHBACK,1.4 TSI COMFORLINE MT,
1432,Volkswagen,Golf,HATCHBACK,1.4 TSI COMFORTLINE DSG,
1433,Volkswagen,Golf,HATCHBACK,1.4 TSI HIGHLINE DSG,
1434,Volkswagen,Golf,HATCHBACK,1.4 HIGHLINE DSG ASISTENTE APARCAMIENTO,
1435,Volkswagen,Golf,HATCHBACK,1.4 TRENDLINE MT,
1436,Volkswagen,Golf,HATCHBACK,2.0 DSG ASISTENTE APARCAMIENTO/PIEL/RIN,
1437,Volkswagen,Golf,HATCHBACK,2.0 TDI,
1438,Volkswagen,Golf,HATCHBACK,1.4 COMFORTLINE DSG,
1439,Volkswagen,Golf,HATCHBACK,1.4 STYLE MT,
1440,Volkswagen,Golf,HATCHBACK,2.0 R 4WD DCT,
1441,Volkswagen,Golf,HATCHBACK,1.4 COMFORTLINE DCT,
1442,Volkswagen,Golf,HATCHBACK,1.4 HIGHLINE DCT,
1443,Volkswagen,Golf,HATCHBACK,2.0 GTI DCT,
1444,Volkswagen,Golf,HATCHBACK,2.0 GTI OETTINGER DCT,
1445,Volkswagen,Jetta,SEDAN,2.5 TRENDLINE AT,
1446,Volkswagen,Jetta,SEDAN,2.5 TRENDLINE MT,
1447,Volkswagen,Jetta,SEDAN,2.5 TRENDLINE TIPTRONIC,
1448,Volkswagen,Jetta,SEDAN,2.0 GLI DSG,
1449,Volkswagen,Jetta,SEDAN,2.0 LIVE MT,
1450,Volkswagen,Jetta,SEDAN,2.0 LIVE TIP.,
1451,Volkswagen,Jetta,SEDAN,2.0 MT,
1452,Volkswagen,Jetta,SEDAN,2.0 TIP,
1453,Volkswagen,Jetta,SEDAN,2.5 COMFORTLINE MT BOLSAS AIRE DEL.,
1454,Volkswagen,Jetta,SEDAN,2.5 COMFORTLINE TIP. BOLSAS AIRE DEL.,
1455,Volkswagen,Jetta,SEDAN,2.5 TRENDLINE TIP.,
1456,Volkswagen,Jetta,SEDAN,2.0 FEST MT,
1457,Volkswagen,Jetta,SEDAN,2.0 STYLE MT,
1458,Volkswagen,Jetta,SEDAN,2.0 STYLE TIP,
1459,Volkswagen,Jetta,SEDAN,2.5 SPORTLINE MT,
1460,Volkswagen,Jetta,SEDAN,2.5 SPORTLINE TIP.,
1461,Volkswagen,Jetta,SEDAN,1.4 COMFORTLINE,
1462,Volkswagen,Jetta,SEDAN,1.4 COMFORTLINE AUTO,
1463,Volkswagen,Jetta,SEDAN,1.4 HIGHLINE AUTO,
1464,Volkswagen,Jetta,SEDAN,1.4 R-LINE AUTO,
1465,Volkswagen,Jetta,SEDAN,1.4 TRENDLINE,
1466,Volkswagen,Jetta,SEDAN,1.4 TRENDLINE AUTO,
1467,Volkswagen,Jetta,SEDAN,1.4 COMFORTLINE MT,
1468,Volkswagen,Jetta,SEDAN,1.4 WOLFSBURG EDITION AUTO,
1469,Volkswagen,Jetta,SEDAN,1.6 STARTLINE AUTO,
1470,Volkswagen,Jetta,SEDAN,1.4 SPORTLINE AUTO,
1471,Volkswagen,Jetta Clasico,SEDAN,2.0 SPORT TIPTRONIC,
1472,Volkswagen,Jetta Clasico,SEDAN,2.0 GL TEAM TIPTRONIC,
1473,Volkswagen,Nivus,SUV,1.0 TSI HIGHLINE AUTO,
1474,Volkswagen,Nivus,SUV,1.0 TSI BLACK AUTO,
1475,Volkswagen,Passat,SEDAN,2.0 TFSI DSG,
1476,Volkswagen,Passat,SEDAN,2.5 SPORTLINE TIPTRONIC,
1477,Volkswagen,Passat,SEDAN,3.6 DSG,
1478,Volkswagen,Passat,SEDAN,2.5 DESIGN TIPTRONIC,
1479,Volkswagen,Passat,SEDAN,2.5 HIGHLINE TIPTRONIC,
1480,Volkswagen,Passat,SEDAN,2.0 HIGHLINE TDI,
1481,Volkswagen,Passat,SEDAN,2.5 COMFORTLINE,
1482,Volkswagen,Passat,SEDAN,2.5 HIGHLINE,
1483,Volkswagen,Passat,SEDAN,3.6 V6,
1484,Volkswagen,Passat,SEDAN,2.0 EDICION ESPECIAL,
1485,Volkswagen,Passat,SEDAN,2.5 SPORTLINE,
1486,Volkswagen,Passat,SEDAN,2.5 HIGHLINE AUTO,
1487,Volkswagen,Polo,HATCHBACK,1.2 COMFORTLINE MT,
1488,Volkswagen,Polo,HATCHBACK,1.2 HIGHLINE DSG,
1489,Volkswagen,Polo,HATCHBACK,1.2 COMFORTLINE DSG,
1490,Volkswagen,Polo,HATCHBACK,1.6 TIPTRONIC,
1491,Volkswagen,Polo,HATCHBACK,1.2 TSI DSG,
1492,Volkswagen,Polo,HATCHBACK,1.8 TSI DSG GTI,
1493,Volkswagen,Polo,HATCHBACK,1.2 SPORTLINE DSG,
1494,Volkswagen,Polo,HATCHBACK,1.6 STARTLINE STD.,
1495,Volkswagen,Polo,HATCHBACK,1.6 STD.,
1496,Volkswagen,Polo,HATCHBACK,1.6 DESIGN %26 SOUND,
1497,Volkswagen,Polo,HATCHBACK,1.6 STARTLINE,
1498,Volkswagen,Polo,HATCHBACK,1.6 STARTLINE AUTO,
1499,Volkswagen,Polo,HATCHBACK,1.6 COMFORTLINE PLUS,
1500,Volkswagen,Polo,HATCHBACK,1.6 COMFORTLINE PLUS AUTO,
1501,Volkswagen,Polo,HATCHBACK,1.6 SOUND AUTO,
1502,Volkswagen,Polo,HATCHBACK,1.6 TRACK RADIO 6.5,
1503,Volkswagen,Saveiro,PICKUP,1.6 TRENDLINE MT,
1504,Volkswagen,Saveiro,PICKUP,1.6 ROBUST CABINA SENCILLA,
1505,Volkswagen,T-Cross,SUV,1.6 HIGHLINE AUTO,
1506,Volkswagen,T-Cross,SUV,1.6 COMFORTLINE AUTO,
1507,Volkswagen,T-Cross,SUV,1.0 TSI HIGHLINE AUTO,
1508,Volkswagen,T-Cross,SUV,1.0 TSI TRENDLINE AUTO,
1509,Volkswagen,T-Cross,SUV,1.6 TRENDLINE,
1510,Volkswagen,Taos,SUV,1.4 TSI COMFORTLINE AUTO,
1511,Volkswagen,Taos,SUV,1.4 TSI HIGHLINE AUTO,
1512,Volkswagen,Teramont,SUV,3.6 COMFORTLINE PLUS AUTO,
1513,Volkswagen,Teramont,SUV,3.6 HIGHLINE AUTO,
1514,Volkswagen,Tiguan,SUV,2.0 TFSI PIEL TRACK %26 FUN AT,
1515,Volkswagen,Tiguan,SUV,1.4 TSI DSG,
1516,Volkswagen,Tiguan,SUV,1.4 TSI SPORT %26 STYLE DSG,
1517,Volkswagen,Tiguan,SUV,2.0 TFSI SPORT %26 STYLE AT,
1518,Volkswagen,Tiguan,SUV,1.4 DSG,
1519,Volkswagen,Tiguan,SUV,1.4 DSG PAQUETE SPORT %26 STYLE,
1520,Volkswagen,Tiguan,SUV,2.0 PAQUETE SPORT %26 STYLE,
1521,Volkswagen,Tiguan,SUV,2.0 TRACK %26 FUN PIEL,
1522,Volkswagen,Tiguan,SUV,1.4 COMFORTLINE DCT,
1523,Volkswagen,Tiguan,SUV,1.4 COMFORTLINE PIEL DCT,
1524,Volkswagen,Tiguan,SUV,2.0 HIGHLINE DCT,
1525,Volkswagen,Tiguan,SUV,1.4 COMFORTLINE 3 FILA DCT,
1526,Volkswagen,Tiguan,SUV,1.4 R-LINE DCT,
1527,Volkswagen,Tiguan,SUV,1.4 TRENDLINE PLUS DCT,
1528,Volkswagen,Tiguan,SUV,2.0 HIGHLINE DCT 4WD,
1529,Volkswagen,Touareg,SUV,3.6 V6 FSI 4WD TIPTRONIC,
1530,Volkswagen,Touareg,SUV,4.2 V8 R-LINE,
1531,Volkswagen,up!,HATCHBACK,1.0 HIGH UP!,
1532,Volkswagen,up!,HATCHBACK,1.0 CROSS UP!,
1533,Volkswagen,up!,HATCHBACK,1.0 MOVE UP!,
1534,Volkswagen,up!,HATCHBACK,1.0 CONNECT,
1535,Volkswagen,Vento,SEDAN,1.6 ACTIVE MT,
1536,Volkswagen,Vento,SEDAN,1.6 HIGHLINE TDI MT,
1537,Volkswagen,Vento,SEDAN,1.6 STYLE TIPTRONIC,
1538,Volkswagen,Vento,SEDAN,1.6 ACTIVE TIPTRONIC,
1539,Volkswagen,Vento,SEDAN,1.6 STYLE TDI MT,
1540,Volkswagen,Vento,SEDAN,1.6 COMFORTLINE MT,
1541,Volkswagen,Vento,SEDAN,1.6 ALLSTAR STD.,
1542,Volkswagen,Vento,SEDAN,1.6 COMFORTLINE STD.,
1543,Volkswagen,Vento,SEDAN,1.6 COMFORTLINE TIPTRONIC,
1544,Volkswagen,Vento,SEDAN,1.6 HIGHLINE STD.,
1545,Volkswagen,Vento,SEDAN,1.6 HIGHLINE TIPTRONIC,
1546,Volkswagen,Vento,SEDAN,1.6 STARTLINE MT,
1547,Volkswagen,Vento,SEDAN,1.6 TIPTRONIC,
1548,Volkswagen,Vento,SEDAN,1.5 COMFORTLINE TDI,
1549,Volkswagen,Vento,SEDAN,1.6 STARTLINE STD.,
1550,Volkswagen,Vento,SEDAN,1.6 STARTLINE TIPTRONIC,
1551,Volkswagen,Vento,SEDAN,1.6 COMFORTLINE,
1552,Volkswagen,Vento,SEDAN,1.6 COMFORTLINE AUTO,
1553,Volkswagen,Vento,SEDAN,1.6 HIGHLINE,
1554,Volkswagen,Vento,SEDAN,1.6 HIGHLINE AUTO,
1555,Volkswagen,Vento,SEDAN,1.6 STARTLINE,
1556,Volkswagen,Vento,SEDAN,1.6 COMFORTLINE PLUS,
1557,Volkswagen,Vento,SEDAN,1.6 STARTLINE AUTO,
1558,Volkswagen,Vento,SEDAN,1.6 COMFORTLINE PLUS AUTO,
1559,Volkswagen,Virtus,SEDAN,1.6,
1560,Volkswagen,Virtus,SEDAN,1.6 AUTO,
1561,Volkswagen,Virtus,SEDAN,1.6 COMFORTLINE AUTO,
1562,Volkswagen,Virtus,SEDAN,1.6 TRENDLINE,
1563,Volkswagen,Virtus,SEDAN,1.6 TRENDLINE AUTO,
1564,Volvo,S60,SEDAN,1.6 T4 ADDITION PLUS,
1565,Volvo,S60,SEDAN,2.0 ADDITION PLUS T4,
1566,Volvo,S60,SEDAN,2.0 MOMENTUM T5 AUTO,
1567,Volvo,S60,SEDAN,2.0 T5 MOMENTUM AUTO,
1568,Volvo,S60,SEDAN,2.0 B4 MHEV PLUS AUTO,
1569,Volvo,V40,HATCHBACK,2.0 FIRST EDITION T3,
1570,Volvo,V40,HATCHBACK,2.0 R-DESIGN T5,
1571,Volvo,XC40,SUV,2.0 MOMENTUM T4 AUTO,
1572,Volvo,XC40,SUV,2.0 MOMENTUM T5 AUTO 4WD,
1573,Volvo,XC40,SUV,2.0 T5 MOMENTUM AUTO 4WD,
1574,Volvo,XC40,SUV,2.0 T5 R-DESIGN AUTO 4WD,
1575,Volvo,XC40,SUV,2.0 T4 MOMENTUM AUTO,
1576,Volvo,XC40,SUV,2.0 T4 INSCRIPTION AUTO,
1577,Volvo,XC40,SUV,BEV 78KWH RECHARGE TWIN ULTIMATE AT AWD,
1578,Volvo,XC60,SUV,2.0 ADDITION PLUS T5 AT,
1579,Volvo,XC60,SUV,2.0 INSCRIPTION T6 AWD AUTO,
1580,Volvo,XC60,SUV,2.0 MOMENTUM T5 AWD AUTO,
1581,Volvo,XC60,SUV,2.0 MOMENTUM T5 AUTO AWD,
1582,Volvo,XC60,SUV,2.0 R-DESIGN T6 AUTO AWD,
1583,Volvo,XC60,SUV,2.0 T6 R-DESIGN AUTO 4WD,
1584,Volvo,XC60,SUV,2.0 B5 MHEV PLUS AUTO AWD,
1585,Volvo,XC90,SUV,2.0 KINETIC T6 AWD AT,
1586,Volvo,XC90,SUV,2.0 R-DESIGN T6 AWD AUTO,
1587,Volvo,XC90,SUV,2.0 INSCRIPTION T6 AUTO AWD,
1588,Volvo,XC90,SUV,2.0 R-DESIGN T6 AUTO AWD,
1589,Volvo,XC90,SUV,2.0 T6 MOMENTUM AUTO AWD,